SOURCEBUS, 200          , 400          
650, 200          , 350          
RG60, 200          , 300          
633, 350          , 250          
634, 400          , 250          
671, 200          , 100          
645, 100          , 250          
646, 0            , 250          
692, 250          , 100          
675, 400          , 100          
611, 0            , 100          
652, 100          , 0            
670, 200          , 200          
680, 200          , 0            
684, 100          , 100          
632, 200          , 250          
