hour,t(sec),Tap(pu),Type,Name
1,0.0,1,Transformer,montransformer-reg1
2,0.0,1,Transformer,montransformer-reg1
3,0.0,1,Transformer,montransformer-reg1
4,0.0,1,Transformer,montransformer-reg1
5,0.0,1,Transformer,montransformer-reg1
6,0.0,1,Transformer,montransformer-reg1
7,0.0,1,Transformer,montransformer-reg1
8,0.0,1,Transformer,montransformer-reg1
9,0.0,1,Transformer,montransformer-reg1
10,0.0,1,Transformer,montransformer-reg1
11,0.0,1,Transformer,montransformer-reg1
12,0.0,1,Transformer,montransformer-reg1
13,0.0,1,Transformer,montransformer-reg1
14,0.0,1,Transformer,montransformer-reg1
15,0.0,1,Transformer,montransformer-reg1
16,0.0,1,Transformer,montransformer-reg1
17,0.0,1,Transformer,montransformer-reg1
18,0.0,1,Transformer,montransformer-reg1
19,0.0,1,Transformer,montransformer-reg1
20,0.0,1,Transformer,montransformer-reg1
21,0.0,1,Transformer,montransformer-reg1
22,0.0,1,Transformer,montransformer-reg1
23,0.0,1,Transformer,montransformer-reg1
24,0.0,1,Transformer,montransformer-reg1
25,0.0,1,Transformer,montransformer-reg1
26,0.0,1,Transformer,montransformer-reg1
27,0.0,1,Transformer,montransformer-reg1
28,0.0,1,Transformer,montransformer-reg1
29,0.0,1,Transformer,montransformer-reg1
30,0.0,1,Transformer,montransformer-reg1
31,0.0,1,Transformer,montransformer-reg1
32,0.0,1,Transformer,montransformer-reg1
33,0.0,1,Transformer,montransformer-reg1
34,0.0,1,Transformer,montransformer-reg1
35,0.0,1,Transformer,montransformer-reg1
36,0.0,1,Transformer,montransformer-reg1
37,0.0,1,Transformer,montransformer-reg1
38,0.0,1,Transformer,montransformer-reg1
39,0.0,1,Transformer,montransformer-reg1
40,0.0,1,Transformer,montransformer-reg1
41,0.0,1,Transformer,montransformer-reg1
42,0.0,1,Transformer,montransformer-reg1
43,0.0,1,Transformer,montransformer-reg1
44,0.0,1,Transformer,montransformer-reg1
45,0.0,1,Transformer,montransformer-reg1
46,0.0,1,Transformer,montransformer-reg1
47,0.0,1,Transformer,montransformer-reg1
48,0.0,1,Transformer,montransformer-reg1
49,0.0,1,Transformer,montransformer-reg1
50,0.0,1,Transformer,montransformer-reg1
51,0.0,1,Transformer,montransformer-reg1
52,0.0,1,Transformer,montransformer-reg1
53,0.0,1,Transformer,montransformer-reg1
54,0.0,1,Transformer,montransformer-reg1
55,0.0,1,Transformer,montransformer-reg1
56,0.0,1,Transformer,montransformer-reg1
57,0.0,1,Transformer,montransformer-reg1
58,0.0,1,Transformer,montransformer-reg1
59,0.0,1,Transformer,montransformer-reg1
60,0.0,1,Transformer,montransformer-reg1
61,0.0,1,Transformer,montransformer-reg1
62,0.0,1,Transformer,montransformer-reg1
63,0.0,1,Transformer,montransformer-reg1
64,0.0,1,Transformer,montransformer-reg1
65,0.0,1,Transformer,montransformer-reg1
66,0.0,1,Transformer,montransformer-reg1
67,0.0,1,Transformer,montransformer-reg1
68,0.0,1,Transformer,montransformer-reg1
69,0.0,1,Transformer,montransformer-reg1
70,0.0,1,Transformer,montransformer-reg1
71,0.0,1,Transformer,montransformer-reg1
72,0.0,1,Transformer,montransformer-reg1
73,0.0,1,Transformer,montransformer-reg1
74,0.0,1,Transformer,montransformer-reg1
75,0.0,1,Transformer,montransformer-reg1
76,0.0,1,Transformer,montransformer-reg1
77,0.0,1,Transformer,montransformer-reg1
78,0.0,1,Transformer,montransformer-reg1
79,0.0,1,Transformer,montransformer-reg1
80,0.0,1,Transformer,montransformer-reg1
81,0.0,1,Transformer,montransformer-reg1
82,0.0,1,Transformer,montransformer-reg1
83,0.0,1,Transformer,montransformer-reg1
84,0.0,1,Transformer,montransformer-reg1
85,0.0,1,Transformer,montransformer-reg1
86,0.0,1,Transformer,montransformer-reg1
87,0.0,1,Transformer,montransformer-reg1
88,0.0,1,Transformer,montransformer-reg1
89,0.0,1,Transformer,montransformer-reg1
90,0.0,1,Transformer,montransformer-reg1
91,0.0,1,Transformer,montransformer-reg1
92,0.0,1,Transformer,montransformer-reg1
93,0.0,1,Transformer,montransformer-reg1
94,0.0,1,Transformer,montransformer-reg1
95,0.0,1,Transformer,montransformer-reg1
96,0.0,1,Transformer,montransformer-reg1
97,0.0,1,Transformer,montransformer-reg1
98,0.0,1,Transformer,montransformer-reg1
99,0.0,1,Transformer,montransformer-reg1
100,0.0,1,Transformer,montransformer-reg1
101,0.0,1,Transformer,montransformer-reg1
102,0.0,1,Transformer,montransformer-reg1
103,0.0,1,Transformer,montransformer-reg1
104,0.0,1,Transformer,montransformer-reg1
105,0.0,1,Transformer,montransformer-reg1
106,0.0,1,Transformer,montransformer-reg1
107,0.0,1,Transformer,montransformer-reg1
108,0.0,1,Transformer,montransformer-reg1
109,0.0,1,Transformer,montransformer-reg1
110,0.0,1,Transformer,montransformer-reg1
111,0.0,1,Transformer,montransformer-reg1
112,0.0,1,Transformer,montransformer-reg1
113,0.0,1,Transformer,montransformer-reg1
114,0.0,1,Transformer,montransformer-reg1
115,0.0,1,Transformer,montransformer-reg1
116,0.0,1,Transformer,montransformer-reg1
117,0.0,1,Transformer,montransformer-reg1
118,0.0,1,Transformer,montransformer-reg1
119,0.0,1,Transformer,montransformer-reg1
120,0.0,1,Transformer,montransformer-reg1
121,0.0,1,Transformer,montransformer-reg1
122,0.0,1,Transformer,montransformer-reg1
123,0.0,1,Transformer,montransformer-reg1
124,0.0,1,Transformer,montransformer-reg1
125,0.0,1,Transformer,montransformer-reg1
126,0.0,1,Transformer,montransformer-reg1
127,0.0,1,Transformer,montransformer-reg1
128,0.0,1,Transformer,montransformer-reg1
129,0.0,1,Transformer,montransformer-reg1
130,0.0,1,Transformer,montransformer-reg1
131,0.0,1,Transformer,montransformer-reg1
132,0.0,1,Transformer,montransformer-reg1
133,0.0,1,Transformer,montransformer-reg1
134,0.0,1,Transformer,montransformer-reg1
135,0.0,1,Transformer,montransformer-reg1
136,0.0,1,Transformer,montransformer-reg1
137,0.0,1,Transformer,montransformer-reg1
138,0.0,1,Transformer,montransformer-reg1
139,0.0,1,Transformer,montransformer-reg1
140,0.0,1,Transformer,montransformer-reg1
141,0.0,1,Transformer,montransformer-reg1
142,0.0,1,Transformer,montransformer-reg1
143,0.0,1,Transformer,montransformer-reg1
144,0.0,1,Transformer,montransformer-reg1
145,0.0,1,Transformer,montransformer-reg1
146,0.0,1,Transformer,montransformer-reg1
147,0.0,1,Transformer,montransformer-reg1
148,0.0,1,Transformer,montransformer-reg1
149,0.0,1,Transformer,montransformer-reg1
150,0.0,1,Transformer,montransformer-reg1
151,0.0,1,Transformer,montransformer-reg1
152,0.0,1,Transformer,montransformer-reg1
153,0.0,1,Transformer,montransformer-reg1
154,0.0,1,Transformer,montransformer-reg1
155,0.0,1,Transformer,montransformer-reg1
156,0.0,1,Transformer,montransformer-reg1
157,0.0,1,Transformer,montransformer-reg1
158,0.0,1,Transformer,montransformer-reg1
159,0.0,1,Transformer,montransformer-reg1
160,0.0,1,Transformer,montransformer-reg1
161,0.0,1,Transformer,montransformer-reg1
162,0.0,1,Transformer,montransformer-reg1
163,0.0,1,Transformer,montransformer-reg1
164,0.0,1,Transformer,montransformer-reg1
165,0.0,1,Transformer,montransformer-reg1
166,0.0,1,Transformer,montransformer-reg1
167,0.0,1,Transformer,montransformer-reg1
168,0.0,1,Transformer,montransformer-reg1
169,0.0,1,Transformer,montransformer-reg1
170,0.0,1,Transformer,montransformer-reg1
171,0.0,1,Transformer,montransformer-reg1
172,0.0,1,Transformer,montransformer-reg1
173,0.0,1,Transformer,montransformer-reg1
174,0.0,1,Transformer,montransformer-reg1
175,0.0,1,Transformer,montransformer-reg1
176,0.0,1,Transformer,montransformer-reg1
177,0.0,1,Transformer,montransformer-reg1
178,0.0,1,Transformer,montransformer-reg1
179,0.0,1,Transformer,montransformer-reg1
180,0.0,1,Transformer,montransformer-reg1
181,0.0,1,Transformer,montransformer-reg1
182,0.0,1,Transformer,montransformer-reg1
183,0.0,1,Transformer,montransformer-reg1
184,0.0,1,Transformer,montransformer-reg1
185,0.0,1,Transformer,montransformer-reg1
186,0.0,1,Transformer,montransformer-reg1
187,0.0,1,Transformer,montransformer-reg1
188,0.0,1,Transformer,montransformer-reg1
189,0.0,1,Transformer,montransformer-reg1
190,0.0,1,Transformer,montransformer-reg1
191,0.0,1,Transformer,montransformer-reg1
192,0.0,1,Transformer,montransformer-reg1
193,0.0,1,Transformer,montransformer-reg1
194,0.0,1,Transformer,montransformer-reg1
195,0.0,1,Transformer,montransformer-reg1
196,0.0,1,Transformer,montransformer-reg1
197,0.0,1,Transformer,montransformer-reg1
198,0.0,1,Transformer,montransformer-reg1
199,0.0,1,Transformer,montransformer-reg1
200,0.0,1,Transformer,montransformer-reg1
201,0.0,1,Transformer,montransformer-reg1
202,0.0,1,Transformer,montransformer-reg1
203,0.0,1,Transformer,montransformer-reg1
204,0.0,1,Transformer,montransformer-reg1
205,0.0,1,Transformer,montransformer-reg1
206,0.0,1,Transformer,montransformer-reg1
207,0.0,1,Transformer,montransformer-reg1
208,0.0,1,Transformer,montransformer-reg1
209,0.0,1,Transformer,montransformer-reg1
210,0.0,1,Transformer,montransformer-reg1
211,0.0,1,Transformer,montransformer-reg1
212,0.0,1,Transformer,montransformer-reg1
213,0.0,1,Transformer,montransformer-reg1
214,0.0,1,Transformer,montransformer-reg1
215,0.0,1,Transformer,montransformer-reg1
216,0.0,1,Transformer,montransformer-reg1
217,0.0,1,Transformer,montransformer-reg1
218,0.0,1,Transformer,montransformer-reg1
219,0.0,1,Transformer,montransformer-reg1
220,0.0,1,Transformer,montransformer-reg1
221,0.0,1,Transformer,montransformer-reg1
222,0.0,1,Transformer,montransformer-reg1
223,0.0,1,Transformer,montransformer-reg1
224,0.0,1,Transformer,montransformer-reg1
225,0.0,1,Transformer,montransformer-reg1
226,0.0,1,Transformer,montransformer-reg1
227,0.0,1,Transformer,montransformer-reg1
228,0.0,1,Transformer,montransformer-reg1
229,0.0,1,Transformer,montransformer-reg1
230,0.0,1,Transformer,montransformer-reg1
231,0.0,1,Transformer,montransformer-reg1
232,0.0,1,Transformer,montransformer-reg1
233,0.0,1,Transformer,montransformer-reg1
234,0.0,1,Transformer,montransformer-reg1
235,0.0,1,Transformer,montransformer-reg1
236,0.0,1,Transformer,montransformer-reg1
237,0.0,1,Transformer,montransformer-reg1
238,0.0,1,Transformer,montransformer-reg1
239,0.0,1,Transformer,montransformer-reg1
240,0.0,1,Transformer,montransformer-reg1
1,0.0,1,Transformer,montransformer-reg2
2,0.0,1,Transformer,montransformer-reg2
3,0.0,1,Transformer,montransformer-reg2
4,0.0,1,Transformer,montransformer-reg2
5,0.0,1,Transformer,montransformer-reg2
6,0.0,1,Transformer,montransformer-reg2
7,0.0,1,Transformer,montransformer-reg2
8,0.0,1,Transformer,montransformer-reg2
9,0.0,1,Transformer,montransformer-reg2
10,0.0,1,Transformer,montransformer-reg2
11,0.0,1,Transformer,montransformer-reg2
12,0.0,1,Transformer,montransformer-reg2
13,0.0,1,Transformer,montransformer-reg2
14,0.0,1,Transformer,montransformer-reg2
15,0.0,1,Transformer,montransformer-reg2
16,0.0,1,Transformer,montransformer-reg2
17,0.0,1,Transformer,montransformer-reg2
18,0.0,1,Transformer,montransformer-reg2
19,0.0,1,Transformer,montransformer-reg2
20,0.0,1,Transformer,montransformer-reg2
21,0.0,1,Transformer,montransformer-reg2
22,0.0,1,Transformer,montransformer-reg2
23,0.0,1,Transformer,montransformer-reg2
24,0.0,1,Transformer,montransformer-reg2
25,0.0,1,Transformer,montransformer-reg2
26,0.0,1,Transformer,montransformer-reg2
27,0.0,1,Transformer,montransformer-reg2
28,0.0,1,Transformer,montransformer-reg2
29,0.0,1,Transformer,montransformer-reg2
30,0.0,1,Transformer,montransformer-reg2
31,0.0,1,Transformer,montransformer-reg2
32,0.0,1,Transformer,montransformer-reg2
33,0.0,1,Transformer,montransformer-reg2
34,0.0,1,Transformer,montransformer-reg2
35,0.0,1,Transformer,montransformer-reg2
36,0.0,1,Transformer,montransformer-reg2
37,0.0,1,Transformer,montransformer-reg2
38,0.0,1,Transformer,montransformer-reg2
39,0.0,1,Transformer,montransformer-reg2
40,0.0,1,Transformer,montransformer-reg2
41,0.0,1,Transformer,montransformer-reg2
42,0.0,1,Transformer,montransformer-reg2
43,0.0,1,Transformer,montransformer-reg2
44,0.0,1,Transformer,montransformer-reg2
45,0.0,1,Transformer,montransformer-reg2
46,0.0,1,Transformer,montransformer-reg2
47,0.0,1,Transformer,montransformer-reg2
48,0.0,1,Transformer,montransformer-reg2
49,0.0,1,Transformer,montransformer-reg2
50,0.0,1,Transformer,montransformer-reg2
51,0.0,1,Transformer,montransformer-reg2
52,0.0,1,Transformer,montransformer-reg2
53,0.0,1,Transformer,montransformer-reg2
54,0.0,1,Transformer,montransformer-reg2
55,0.0,1,Transformer,montransformer-reg2
56,0.0,1,Transformer,montransformer-reg2
57,0.0,1,Transformer,montransformer-reg2
58,0.0,1,Transformer,montransformer-reg2
59,0.0,1,Transformer,montransformer-reg2
60,0.0,1,Transformer,montransformer-reg2
61,0.0,1,Transformer,montransformer-reg2
62,0.0,1,Transformer,montransformer-reg2
63,0.0,1,Transformer,montransformer-reg2
64,0.0,1,Transformer,montransformer-reg2
65,0.0,1,Transformer,montransformer-reg2
66,0.0,1,Transformer,montransformer-reg2
67,0.0,1,Transformer,montransformer-reg2
68,0.0,1,Transformer,montransformer-reg2
69,0.0,1,Transformer,montransformer-reg2
70,0.0,1,Transformer,montransformer-reg2
71,0.0,1,Transformer,montransformer-reg2
72,0.0,1,Transformer,montransformer-reg2
73,0.0,1,Transformer,montransformer-reg2
74,0.0,1,Transformer,montransformer-reg2
75,0.0,1,Transformer,montransformer-reg2
76,0.0,1,Transformer,montransformer-reg2
77,0.0,1,Transformer,montransformer-reg2
78,0.0,1,Transformer,montransformer-reg2
79,0.0,1,Transformer,montransformer-reg2
80,0.0,1,Transformer,montransformer-reg2
81,0.0,1,Transformer,montransformer-reg2
82,0.0,1,Transformer,montransformer-reg2
83,0.0,1,Transformer,montransformer-reg2
84,0.0,1,Transformer,montransformer-reg2
85,0.0,1,Transformer,montransformer-reg2
86,0.0,1,Transformer,montransformer-reg2
87,0.0,1,Transformer,montransformer-reg2
88,0.0,1,Transformer,montransformer-reg2
89,0.0,1,Transformer,montransformer-reg2
90,0.0,1,Transformer,montransformer-reg2
91,0.0,1,Transformer,montransformer-reg2
92,0.0,1,Transformer,montransformer-reg2
93,0.0,1,Transformer,montransformer-reg2
94,0.0,1,Transformer,montransformer-reg2
95,0.0,1,Transformer,montransformer-reg2
96,0.0,1,Transformer,montransformer-reg2
97,0.0,1,Transformer,montransformer-reg2
98,0.0,1,Transformer,montransformer-reg2
99,0.0,1,Transformer,montransformer-reg2
100,0.0,1,Transformer,montransformer-reg2
101,0.0,1,Transformer,montransformer-reg2
102,0.0,1,Transformer,montransformer-reg2
103,0.0,1,Transformer,montransformer-reg2
104,0.0,1,Transformer,montransformer-reg2
105,0.0,1,Transformer,montransformer-reg2
106,0.0,1,Transformer,montransformer-reg2
107,0.0,1,Transformer,montransformer-reg2
108,0.0,1,Transformer,montransformer-reg2
109,0.0,1,Transformer,montransformer-reg2
110,0.0,1,Transformer,montransformer-reg2
111,0.0,1,Transformer,montransformer-reg2
112,0.0,1,Transformer,montransformer-reg2
113,0.0,1,Transformer,montransformer-reg2
114,0.0,1,Transformer,montransformer-reg2
115,0.0,1,Transformer,montransformer-reg2
116,0.0,1,Transformer,montransformer-reg2
117,0.0,1,Transformer,montransformer-reg2
118,0.0,1,Transformer,montransformer-reg2
119,0.0,1,Transformer,montransformer-reg2
120,0.0,1,Transformer,montransformer-reg2
121,0.0,1,Transformer,montransformer-reg2
122,0.0,1,Transformer,montransformer-reg2
123,0.0,1,Transformer,montransformer-reg2
124,0.0,1,Transformer,montransformer-reg2
125,0.0,1,Transformer,montransformer-reg2
126,0.0,1,Transformer,montransformer-reg2
127,0.0,1,Transformer,montransformer-reg2
128,0.0,1,Transformer,montransformer-reg2
129,0.0,1,Transformer,montransformer-reg2
130,0.0,1,Transformer,montransformer-reg2
131,0.0,1,Transformer,montransformer-reg2
132,0.0,1,Transformer,montransformer-reg2
133,0.0,1,Transformer,montransformer-reg2
134,0.0,1,Transformer,montransformer-reg2
135,0.0,1,Transformer,montransformer-reg2
136,0.0,1,Transformer,montransformer-reg2
137,0.0,1,Transformer,montransformer-reg2
138,0.0,1,Transformer,montransformer-reg2
139,0.0,1,Transformer,montransformer-reg2
140,0.0,1,Transformer,montransformer-reg2
141,0.0,1,Transformer,montransformer-reg2
142,0.0,1,Transformer,montransformer-reg2
143,0.0,1,Transformer,montransformer-reg2
144,0.0,1,Transformer,montransformer-reg2
145,0.0,1,Transformer,montransformer-reg2
146,0.0,1,Transformer,montransformer-reg2
147,0.0,1,Transformer,montransformer-reg2
148,0.0,1,Transformer,montransformer-reg2
149,0.0,1,Transformer,montransformer-reg2
150,0.0,1,Transformer,montransformer-reg2
151,0.0,1,Transformer,montransformer-reg2
152,0.0,1,Transformer,montransformer-reg2
153,0.0,1,Transformer,montransformer-reg2
154,0.0,1,Transformer,montransformer-reg2
155,0.0,1,Transformer,montransformer-reg2
156,0.0,1,Transformer,montransformer-reg2
157,0.0,1,Transformer,montransformer-reg2
158,0.0,1,Transformer,montransformer-reg2
159,0.0,1,Transformer,montransformer-reg2
160,0.0,1,Transformer,montransformer-reg2
161,0.0,1,Transformer,montransformer-reg2
162,0.0,1,Transformer,montransformer-reg2
163,0.0,1,Transformer,montransformer-reg2
164,0.0,1,Transformer,montransformer-reg2
165,0.0,1,Transformer,montransformer-reg2
166,0.0,1,Transformer,montransformer-reg2
167,0.0,1,Transformer,montransformer-reg2
168,0.0,1,Transformer,montransformer-reg2
169,0.0,1,Transformer,montransformer-reg2
170,0.0,1,Transformer,montransformer-reg2
171,0.0,1,Transformer,montransformer-reg2
172,0.0,1,Transformer,montransformer-reg2
173,0.0,1,Transformer,montransformer-reg2
174,0.0,1,Transformer,montransformer-reg2
175,0.0,1,Transformer,montransformer-reg2
176,0.0,1,Transformer,montransformer-reg2
177,0.0,1,Transformer,montransformer-reg2
178,0.0,1,Transformer,montransformer-reg2
179,0.0,1,Transformer,montransformer-reg2
180,0.0,1,Transformer,montransformer-reg2
181,0.0,1,Transformer,montransformer-reg2
182,0.0,1,Transformer,montransformer-reg2
183,0.0,1,Transformer,montransformer-reg2
184,0.0,1,Transformer,montransformer-reg2
185,0.0,1,Transformer,montransformer-reg2
186,0.0,1,Transformer,montransformer-reg2
187,0.0,1,Transformer,montransformer-reg2
188,0.0,1,Transformer,montransformer-reg2
189,0.0,1,Transformer,montransformer-reg2
190,0.0,1,Transformer,montransformer-reg2
191,0.0,1,Transformer,montransformer-reg2
192,0.0,1,Transformer,montransformer-reg2
193,0.0,1,Transformer,montransformer-reg2
194,0.0,1,Transformer,montransformer-reg2
195,0.0,1,Transformer,montransformer-reg2
196,0.0,1,Transformer,montransformer-reg2
197,0.0,1,Transformer,montransformer-reg2
198,0.0,1,Transformer,montransformer-reg2
199,0.0,1,Transformer,montransformer-reg2
200,0.0,1,Transformer,montransformer-reg2
201,0.0,1,Transformer,montransformer-reg2
202,0.0,1,Transformer,montransformer-reg2
203,0.0,1,Transformer,montransformer-reg2
204,0.0,1,Transformer,montransformer-reg2
205,0.0,1,Transformer,montransformer-reg2
206,0.0,1,Transformer,montransformer-reg2
207,0.0,1,Transformer,montransformer-reg2
208,0.0,1,Transformer,montransformer-reg2
209,0.0,1,Transformer,montransformer-reg2
210,0.0,1,Transformer,montransformer-reg2
211,0.0,1,Transformer,montransformer-reg2
212,0.0,1,Transformer,montransformer-reg2
213,0.0,1,Transformer,montransformer-reg2
214,0.0,1,Transformer,montransformer-reg2
215,0.0,1,Transformer,montransformer-reg2
216,0.0,1,Transformer,montransformer-reg2
217,0.0,1,Transformer,montransformer-reg2
218,0.0,1,Transformer,montransformer-reg2
219,0.0,1,Transformer,montransformer-reg2
220,0.0,1,Transformer,montransformer-reg2
221,0.0,1,Transformer,montransformer-reg2
222,0.0,1,Transformer,montransformer-reg2
223,0.0,1,Transformer,montransformer-reg2
224,0.0,1,Transformer,montransformer-reg2
225,0.0,1,Transformer,montransformer-reg2
226,0.0,1,Transformer,montransformer-reg2
227,0.0,1,Transformer,montransformer-reg2
228,0.0,1,Transformer,montransformer-reg2
229,0.0,1,Transformer,montransformer-reg2
230,0.0,1,Transformer,montransformer-reg2
231,0.0,1,Transformer,montransformer-reg2
232,0.0,1,Transformer,montransformer-reg2
233,0.0,1,Transformer,montransformer-reg2
234,0.0,1,Transformer,montransformer-reg2
235,0.0,1,Transformer,montransformer-reg2
236,0.0,1,Transformer,montransformer-reg2
237,0.0,1,Transformer,montransformer-reg2
238,0.0,1,Transformer,montransformer-reg2
239,0.0,1,Transformer,montransformer-reg2
240,0.0,1,Transformer,montransformer-reg2
1,0.0,1,Transformer,montransformer-reg3
2,0.0,1,Transformer,montransformer-reg3
3,0.0,1,Transformer,montransformer-reg3
4,0.0,1,Transformer,montransformer-reg3
5,0.0,1,Transformer,montransformer-reg3
6,0.0,1,Transformer,montransformer-reg3
7,0.0,1,Transformer,montransformer-reg3
8,0.0,1,Transformer,montransformer-reg3
9,0.0,1,Transformer,montransformer-reg3
10,0.0,1,Transformer,montransformer-reg3
11,0.0,1,Transformer,montransformer-reg3
12,0.0,1,Transformer,montransformer-reg3
13,0.0,1,Transformer,montransformer-reg3
14,0.0,1,Transformer,montransformer-reg3
15,0.0,1,Transformer,montransformer-reg3
16,0.0,1,Transformer,montransformer-reg3
17,0.0,1,Transformer,montransformer-reg3
18,0.0,1,Transformer,montransformer-reg3
19,0.0,1,Transformer,montransformer-reg3
20,0.0,1,Transformer,montransformer-reg3
21,0.0,1,Transformer,montransformer-reg3
22,0.0,1,Transformer,montransformer-reg3
23,0.0,1,Transformer,montransformer-reg3
24,0.0,1,Transformer,montransformer-reg3
25,0.0,1,Transformer,montransformer-reg3
26,0.0,1,Transformer,montransformer-reg3
27,0.0,1,Transformer,montransformer-reg3
28,0.0,1,Transformer,montransformer-reg3
29,0.0,1,Transformer,montransformer-reg3
30,0.0,1,Transformer,montransformer-reg3
31,0.0,1,Transformer,montransformer-reg3
32,0.0,1,Transformer,montransformer-reg3
33,0.0,1,Transformer,montransformer-reg3
34,0.0,1,Transformer,montransformer-reg3
35,0.0,1,Transformer,montransformer-reg3
36,0.0,1,Transformer,montransformer-reg3
37,0.0,1,Transformer,montransformer-reg3
38,0.0,1,Transformer,montransformer-reg3
39,0.0,1,Transformer,montransformer-reg3
40,0.0,1,Transformer,montransformer-reg3
41,0.0,1,Transformer,montransformer-reg3
42,0.0,1,Transformer,montransformer-reg3
43,0.0,1,Transformer,montransformer-reg3
44,0.0,1,Transformer,montransformer-reg3
45,0.0,1,Transformer,montransformer-reg3
46,0.0,1,Transformer,montransformer-reg3
47,0.0,1,Transformer,montransformer-reg3
48,0.0,1,Transformer,montransformer-reg3
49,0.0,1,Transformer,montransformer-reg3
50,0.0,1,Transformer,montransformer-reg3
51,0.0,1,Transformer,montransformer-reg3
52,0.0,1,Transformer,montransformer-reg3
53,0.0,1,Transformer,montransformer-reg3
54,0.0,1,Transformer,montransformer-reg3
55,0.0,1,Transformer,montransformer-reg3
56,0.0,1,Transformer,montransformer-reg3
57,0.0,1,Transformer,montransformer-reg3
58,0.0,1,Transformer,montransformer-reg3
59,0.0,1,Transformer,montransformer-reg3
60,0.0,1,Transformer,montransformer-reg3
61,0.0,1,Transformer,montransformer-reg3
62,0.0,1,Transformer,montransformer-reg3
63,0.0,1,Transformer,montransformer-reg3
64,0.0,1,Transformer,montransformer-reg3
65,0.0,1,Transformer,montransformer-reg3
66,0.0,1,Transformer,montransformer-reg3
67,0.0,1,Transformer,montransformer-reg3
68,0.0,1,Transformer,montransformer-reg3
69,0.0,1,Transformer,montransformer-reg3
70,0.0,1,Transformer,montransformer-reg3
71,0.0,1,Transformer,montransformer-reg3
72,0.0,1,Transformer,montransformer-reg3
73,0.0,1,Transformer,montransformer-reg3
74,0.0,1,Transformer,montransformer-reg3
75,0.0,1,Transformer,montransformer-reg3
76,0.0,1,Transformer,montransformer-reg3
77,0.0,1,Transformer,montransformer-reg3
78,0.0,1,Transformer,montransformer-reg3
79,0.0,1,Transformer,montransformer-reg3
80,0.0,1,Transformer,montransformer-reg3
81,0.0,1,Transformer,montransformer-reg3
82,0.0,1,Transformer,montransformer-reg3
83,0.0,1,Transformer,montransformer-reg3
84,0.0,1,Transformer,montransformer-reg3
85,0.0,1,Transformer,montransformer-reg3
86,0.0,1,Transformer,montransformer-reg3
87,0.0,1,Transformer,montransformer-reg3
88,0.0,1,Transformer,montransformer-reg3
89,0.0,1,Transformer,montransformer-reg3
90,0.0,1,Transformer,montransformer-reg3
91,0.0,1,Transformer,montransformer-reg3
92,0.0,1,Transformer,montransformer-reg3
93,0.0,1,Transformer,montransformer-reg3
94,0.0,1,Transformer,montransformer-reg3
95,0.0,1,Transformer,montransformer-reg3
96,0.0,1,Transformer,montransformer-reg3
97,0.0,1,Transformer,montransformer-reg3
98,0.0,1,Transformer,montransformer-reg3
99,0.0,1,Transformer,montransformer-reg3
100,0.0,1,Transformer,montransformer-reg3
101,0.0,1,Transformer,montransformer-reg3
102,0.0,1,Transformer,montransformer-reg3
103,0.0,1,Transformer,montransformer-reg3
104,0.0,1,Transformer,montransformer-reg3
105,0.0,1,Transformer,montransformer-reg3
106,0.0,1,Transformer,montransformer-reg3
107,0.0,1,Transformer,montransformer-reg3
108,0.0,1,Transformer,montransformer-reg3
109,0.0,1,Transformer,montransformer-reg3
110,0.0,1,Transformer,montransformer-reg3
111,0.0,1,Transformer,montransformer-reg3
112,0.0,1,Transformer,montransformer-reg3
113,0.0,1,Transformer,montransformer-reg3
114,0.0,1,Transformer,montransformer-reg3
115,0.0,1,Transformer,montransformer-reg3
116,0.0,1,Transformer,montransformer-reg3
117,0.0,1,Transformer,montransformer-reg3
118,0.0,1,Transformer,montransformer-reg3
119,0.0,1,Transformer,montransformer-reg3
120,0.0,1,Transformer,montransformer-reg3
121,0.0,1,Transformer,montransformer-reg3
122,0.0,1,Transformer,montransformer-reg3
123,0.0,1,Transformer,montransformer-reg3
124,0.0,1,Transformer,montransformer-reg3
125,0.0,1,Transformer,montransformer-reg3
126,0.0,1,Transformer,montransformer-reg3
127,0.0,1,Transformer,montransformer-reg3
128,0.0,1,Transformer,montransformer-reg3
129,0.0,1,Transformer,montransformer-reg3
130,0.0,1,Transformer,montransformer-reg3
131,0.0,1,Transformer,montransformer-reg3
132,0.0,1,Transformer,montransformer-reg3
133,0.0,1,Transformer,montransformer-reg3
134,0.0,1,Transformer,montransformer-reg3
135,0.0,1,Transformer,montransformer-reg3
136,0.0,1,Transformer,montransformer-reg3
137,0.0,1,Transformer,montransformer-reg3
138,0.0,1,Transformer,montransformer-reg3
139,0.0,1,Transformer,montransformer-reg3
140,0.0,1,Transformer,montransformer-reg3
141,0.0,1,Transformer,montransformer-reg3
142,0.0,1,Transformer,montransformer-reg3
143,0.0,1,Transformer,montransformer-reg3
144,0.0,1,Transformer,montransformer-reg3
145,0.0,1,Transformer,montransformer-reg3
146,0.0,1,Transformer,montransformer-reg3
147,0.0,1,Transformer,montransformer-reg3
148,0.0,1,Transformer,montransformer-reg3
149,0.0,1,Transformer,montransformer-reg3
150,0.0,1,Transformer,montransformer-reg3
151,0.0,1,Transformer,montransformer-reg3
152,0.0,1,Transformer,montransformer-reg3
153,0.0,1,Transformer,montransformer-reg3
154,0.0,1,Transformer,montransformer-reg3
155,0.0,1,Transformer,montransformer-reg3
156,0.0,1,Transformer,montransformer-reg3
157,0.0,1,Transformer,montransformer-reg3
158,0.0,1,Transformer,montransformer-reg3
159,0.0,1,Transformer,montransformer-reg3
160,0.0,1,Transformer,montransformer-reg3
161,0.0,1,Transformer,montransformer-reg3
162,0.0,1,Transformer,montransformer-reg3
163,0.0,1,Transformer,montransformer-reg3
164,0.0,1,Transformer,montransformer-reg3
165,0.0,1,Transformer,montransformer-reg3
166,0.0,1,Transformer,montransformer-reg3
167,0.0,1,Transformer,montransformer-reg3
168,0.0,1,Transformer,montransformer-reg3
169,0.0,1,Transformer,montransformer-reg3
170,0.0,1,Transformer,montransformer-reg3
171,0.0,1,Transformer,montransformer-reg3
172,0.0,1,Transformer,montransformer-reg3
173,0.0,1,Transformer,montransformer-reg3
174,0.0,1,Transformer,montransformer-reg3
175,0.0,1,Transformer,montransformer-reg3
176,0.0,1,Transformer,montransformer-reg3
177,0.0,1,Transformer,montransformer-reg3
178,0.0,1,Transformer,montransformer-reg3
179,0.0,1,Transformer,montransformer-reg3
180,0.0,1,Transformer,montransformer-reg3
181,0.0,1,Transformer,montransformer-reg3
182,0.0,1,Transformer,montransformer-reg3
183,0.0,1,Transformer,montransformer-reg3
184,0.0,1,Transformer,montransformer-reg3
185,0.0,1,Transformer,montransformer-reg3
186,0.0,1,Transformer,montransformer-reg3
187,0.0,1,Transformer,montransformer-reg3
188,0.0,1,Transformer,montransformer-reg3
189,0.0,1,Transformer,montransformer-reg3
190,0.0,1,Transformer,montransformer-reg3
191,0.0,1,Transformer,montransformer-reg3
192,0.0,1,Transformer,montransformer-reg3
193,0.0,1,Transformer,montransformer-reg3
194,0.0,1,Transformer,montransformer-reg3
195,0.0,1,Transformer,montransformer-reg3
196,0.0,1,Transformer,montransformer-reg3
197,0.0,1,Transformer,montransformer-reg3
198,0.0,1,Transformer,montransformer-reg3
199,0.0,1,Transformer,montransformer-reg3
200,0.0,1,Transformer,montransformer-reg3
201,0.0,1,Transformer,montransformer-reg3
202,0.0,1,Transformer,montransformer-reg3
203,0.0,1,Transformer,montransformer-reg3
204,0.0,1,Transformer,montransformer-reg3
205,0.0,1,Transformer,montransformer-reg3
206,0.0,1,Transformer,montransformer-reg3
207,0.0,1,Transformer,montransformer-reg3
208,0.0,1,Transformer,montransformer-reg3
209,0.0,1,Transformer,montransformer-reg3
210,0.0,1,Transformer,montransformer-reg3
211,0.0,1,Transformer,montransformer-reg3
212,0.0,1,Transformer,montransformer-reg3
213,0.0,1,Transformer,montransformer-reg3
214,0.0,1,Transformer,montransformer-reg3
215,0.0,1,Transformer,montransformer-reg3
216,0.0,1,Transformer,montransformer-reg3
217,0.0,1,Transformer,montransformer-reg3
218,0.0,1,Transformer,montransformer-reg3
219,0.0,1,Transformer,montransformer-reg3
220,0.0,1,Transformer,montransformer-reg3
221,0.0,1,Transformer,montransformer-reg3
222,0.0,1,Transformer,montransformer-reg3
223,0.0,1,Transformer,montransformer-reg3
224,0.0,1,Transformer,montransformer-reg3
225,0.0,1,Transformer,montransformer-reg3
226,0.0,1,Transformer,montransformer-reg3
227,0.0,1,Transformer,montransformer-reg3
228,0.0,1,Transformer,montransformer-reg3
229,0.0,1,Transformer,montransformer-reg3
230,0.0,1,Transformer,montransformer-reg3
231,0.0,1,Transformer,montransformer-reg3
232,0.0,1,Transformer,montransformer-reg3
233,0.0,1,Transformer,montransformer-reg3
234,0.0,1,Transformer,montransformer-reg3
235,0.0,1,Transformer,montransformer-reg3
236,0.0,1,Transformer,montransformer-reg3
237,0.0,1,Transformer,montransformer-reg3
238,0.0,1,Transformer,montransformer-reg3
239,0.0,1,Transformer,montransformer-reg3
240,0.0,1,Transformer,montransformer-reg3
1,0.0,1,Transformer,montransformer-sub
2,0.0,1,Transformer,montransformer-sub
3,0.0,1,Transformer,montransformer-sub
4,0.0,1,Transformer,montransformer-sub
5,0.0,1,Transformer,montransformer-sub
6,0.0,1,Transformer,montransformer-sub
7,0.0,1,Transformer,montransformer-sub
8,0.0,1,Transformer,montransformer-sub
9,0.0,1,Transformer,montransformer-sub
10,0.0,1,Transformer,montransformer-sub
11,0.0,1,Transformer,montransformer-sub
12,0.0,1,Transformer,montransformer-sub
13,0.0,1,Transformer,montransformer-sub
14,0.0,1,Transformer,montransformer-sub
15,0.0,1,Transformer,montransformer-sub
16,0.0,1,Transformer,montransformer-sub
17,0.0,1,Transformer,montransformer-sub
18,0.0,1,Transformer,montransformer-sub
19,0.0,1,Transformer,montransformer-sub
20,0.0,1,Transformer,montransformer-sub
21,0.0,1,Transformer,montransformer-sub
22,0.0,1,Transformer,montransformer-sub
23,0.0,1,Transformer,montransformer-sub
24,0.0,1,Transformer,montransformer-sub
25,0.0,1,Transformer,montransformer-sub
26,0.0,1,Transformer,montransformer-sub
27,0.0,1,Transformer,montransformer-sub
28,0.0,1,Transformer,montransformer-sub
29,0.0,1,Transformer,montransformer-sub
30,0.0,1,Transformer,montransformer-sub
31,0.0,1,Transformer,montransformer-sub
32,0.0,1,Transformer,montransformer-sub
33,0.0,1,Transformer,montransformer-sub
34,0.0,1,Transformer,montransformer-sub
35,0.0,1,Transformer,montransformer-sub
36,0.0,1,Transformer,montransformer-sub
37,0.0,1,Transformer,montransformer-sub
38,0.0,1,Transformer,montransformer-sub
39,0.0,1,Transformer,montransformer-sub
40,0.0,1,Transformer,montransformer-sub
41,0.0,1,Transformer,montransformer-sub
42,0.0,1,Transformer,montransformer-sub
43,0.0,1,Transformer,montransformer-sub
44,0.0,1,Transformer,montransformer-sub
45,0.0,1,Transformer,montransformer-sub
46,0.0,1,Transformer,montransformer-sub
47,0.0,1,Transformer,montransformer-sub
48,0.0,1,Transformer,montransformer-sub
49,0.0,1,Transformer,montransformer-sub
50,0.0,1,Transformer,montransformer-sub
51,0.0,1,Transformer,montransformer-sub
52,0.0,1,Transformer,montransformer-sub
53,0.0,1,Transformer,montransformer-sub
54,0.0,1,Transformer,montransformer-sub
55,0.0,1,Transformer,montransformer-sub
56,0.0,1,Transformer,montransformer-sub
57,0.0,1,Transformer,montransformer-sub
58,0.0,1,Transformer,montransformer-sub
59,0.0,1,Transformer,montransformer-sub
60,0.0,1,Transformer,montransformer-sub
61,0.0,1,Transformer,montransformer-sub
62,0.0,1,Transformer,montransformer-sub
63,0.0,1,Transformer,montransformer-sub
64,0.0,1,Transformer,montransformer-sub
65,0.0,1,Transformer,montransformer-sub
66,0.0,1,Transformer,montransformer-sub
67,0.0,1,Transformer,montransformer-sub
68,0.0,1,Transformer,montransformer-sub
69,0.0,1,Transformer,montransformer-sub
70,0.0,1,Transformer,montransformer-sub
71,0.0,1,Transformer,montransformer-sub
72,0.0,1,Transformer,montransformer-sub
73,0.0,1,Transformer,montransformer-sub
74,0.0,1,Transformer,montransformer-sub
75,0.0,1,Transformer,montransformer-sub
76,0.0,1,Transformer,montransformer-sub
77,0.0,1,Transformer,montransformer-sub
78,0.0,1,Transformer,montransformer-sub
79,0.0,1,Transformer,montransformer-sub
80,0.0,1,Transformer,montransformer-sub
81,0.0,1,Transformer,montransformer-sub
82,0.0,1,Transformer,montransformer-sub
83,0.0,1,Transformer,montransformer-sub
84,0.0,1,Transformer,montransformer-sub
85,0.0,1,Transformer,montransformer-sub
86,0.0,1,Transformer,montransformer-sub
87,0.0,1,Transformer,montransformer-sub
88,0.0,1,Transformer,montransformer-sub
89,0.0,1,Transformer,montransformer-sub
90,0.0,1,Transformer,montransformer-sub
91,0.0,1,Transformer,montransformer-sub
92,0.0,1,Transformer,montransformer-sub
93,0.0,1,Transformer,montransformer-sub
94,0.0,1,Transformer,montransformer-sub
95,0.0,1,Transformer,montransformer-sub
96,0.0,1,Transformer,montransformer-sub
97,0.0,1,Transformer,montransformer-sub
98,0.0,1,Transformer,montransformer-sub
99,0.0,1,Transformer,montransformer-sub
100,0.0,1,Transformer,montransformer-sub
101,0.0,1,Transformer,montransformer-sub
102,0.0,1,Transformer,montransformer-sub
103,0.0,1,Transformer,montransformer-sub
104,0.0,1,Transformer,montransformer-sub
105,0.0,1,Transformer,montransformer-sub
106,0.0,1,Transformer,montransformer-sub
107,0.0,1,Transformer,montransformer-sub
108,0.0,1,Transformer,montransformer-sub
109,0.0,1,Transformer,montransformer-sub
110,0.0,1,Transformer,montransformer-sub
111,0.0,1,Transformer,montransformer-sub
112,0.0,1,Transformer,montransformer-sub
113,0.0,1,Transformer,montransformer-sub
114,0.0,1,Transformer,montransformer-sub
115,0.0,1,Transformer,montransformer-sub
116,0.0,1,Transformer,montransformer-sub
117,0.0,1,Transformer,montransformer-sub
118,0.0,1,Transformer,montransformer-sub
119,0.0,1,Transformer,montransformer-sub
120,0.0,1,Transformer,montransformer-sub
121,0.0,1,Transformer,montransformer-sub
122,0.0,1,Transformer,montransformer-sub
123,0.0,1,Transformer,montransformer-sub
124,0.0,1,Transformer,montransformer-sub
125,0.0,1,Transformer,montransformer-sub
126,0.0,1,Transformer,montransformer-sub
127,0.0,1,Transformer,montransformer-sub
128,0.0,1,Transformer,montransformer-sub
129,0.0,1,Transformer,montransformer-sub
130,0.0,1,Transformer,montransformer-sub
131,0.0,1,Transformer,montransformer-sub
132,0.0,1,Transformer,montransformer-sub
133,0.0,1,Transformer,montransformer-sub
134,0.0,1,Transformer,montransformer-sub
135,0.0,1,Transformer,montransformer-sub
136,0.0,1,Transformer,montransformer-sub
137,0.0,1,Transformer,montransformer-sub
138,0.0,1,Transformer,montransformer-sub
139,0.0,1,Transformer,montransformer-sub
140,0.0,1,Transformer,montransformer-sub
141,0.0,1,Transformer,montransformer-sub
142,0.0,1,Transformer,montransformer-sub
143,0.0,1,Transformer,montransformer-sub
144,0.0,1,Transformer,montransformer-sub
145,0.0,1,Transformer,montransformer-sub
146,0.0,1,Transformer,montransformer-sub
147,0.0,1,Transformer,montransformer-sub
148,0.0,1,Transformer,montransformer-sub
149,0.0,1,Transformer,montransformer-sub
150,0.0,1,Transformer,montransformer-sub
151,0.0,1,Transformer,montransformer-sub
152,0.0,1,Transformer,montransformer-sub
153,0.0,1,Transformer,montransformer-sub
154,0.0,1,Transformer,montransformer-sub
155,0.0,1,Transformer,montransformer-sub
156,0.0,1,Transformer,montransformer-sub
157,0.0,1,Transformer,montransformer-sub
158,0.0,1,Transformer,montransformer-sub
159,0.0,1,Transformer,montransformer-sub
160,0.0,1,Transformer,montransformer-sub
161,0.0,1,Transformer,montransformer-sub
162,0.0,1,Transformer,montransformer-sub
163,0.0,1,Transformer,montransformer-sub
164,0.0,1,Transformer,montransformer-sub
165,0.0,1,Transformer,montransformer-sub
166,0.0,1,Transformer,montransformer-sub
167,0.0,1,Transformer,montransformer-sub
168,0.0,1,Transformer,montransformer-sub
169,0.0,1,Transformer,montransformer-sub
170,0.0,1,Transformer,montransformer-sub
171,0.0,1,Transformer,montransformer-sub
172,0.0,1,Transformer,montransformer-sub
173,0.0,1,Transformer,montransformer-sub
174,0.0,1,Transformer,montransformer-sub
175,0.0,1,Transformer,montransformer-sub
176,0.0,1,Transformer,montransformer-sub
177,0.0,1,Transformer,montransformer-sub
178,0.0,1,Transformer,montransformer-sub
179,0.0,1,Transformer,montransformer-sub
180,0.0,1,Transformer,montransformer-sub
181,0.0,1,Transformer,montransformer-sub
182,0.0,1,Transformer,montransformer-sub
183,0.0,1,Transformer,montransformer-sub
184,0.0,1,Transformer,montransformer-sub
185,0.0,1,Transformer,montransformer-sub
186,0.0,1,Transformer,montransformer-sub
187,0.0,1,Transformer,montransformer-sub
188,0.0,1,Transformer,montransformer-sub
189,0.0,1,Transformer,montransformer-sub
190,0.0,1,Transformer,montransformer-sub
191,0.0,1,Transformer,montransformer-sub
192,0.0,1,Transformer,montransformer-sub
193,0.0,1,Transformer,montransformer-sub
194,0.0,1,Transformer,montransformer-sub
195,0.0,1,Transformer,montransformer-sub
196,0.0,1,Transformer,montransformer-sub
197,0.0,1,Transformer,montransformer-sub
198,0.0,1,Transformer,montransformer-sub
199,0.0,1,Transformer,montransformer-sub
200,0.0,1,Transformer,montransformer-sub
201,0.0,1,Transformer,montransformer-sub
202,0.0,1,Transformer,montransformer-sub
203,0.0,1,Transformer,montransformer-sub
204,0.0,1,Transformer,montransformer-sub
205,0.0,1,Transformer,montransformer-sub
206,0.0,1,Transformer,montransformer-sub
207,0.0,1,Transformer,montransformer-sub
208,0.0,1,Transformer,montransformer-sub
209,0.0,1,Transformer,montransformer-sub
210,0.0,1,Transformer,montransformer-sub
211,0.0,1,Transformer,montransformer-sub
212,0.0,1,Transformer,montransformer-sub
213,0.0,1,Transformer,montransformer-sub
214,0.0,1,Transformer,montransformer-sub
215,0.0,1,Transformer,montransformer-sub
216,0.0,1,Transformer,montransformer-sub
217,0.0,1,Transformer,montransformer-sub
218,0.0,1,Transformer,montransformer-sub
219,0.0,1,Transformer,montransformer-sub
220,0.0,1,Transformer,montransformer-sub
221,0.0,1,Transformer,montransformer-sub
222,0.0,1,Transformer,montransformer-sub
223,0.0,1,Transformer,montransformer-sub
224,0.0,1,Transformer,montransformer-sub
225,0.0,1,Transformer,montransformer-sub
226,0.0,1,Transformer,montransformer-sub
227,0.0,1,Transformer,montransformer-sub
228,0.0,1,Transformer,montransformer-sub
229,0.0,1,Transformer,montransformer-sub
230,0.0,1,Transformer,montransformer-sub
231,0.0,1,Transformer,montransformer-sub
232,0.0,1,Transformer,montransformer-sub
233,0.0,1,Transformer,montransformer-sub
234,0.0,1,Transformer,montransformer-sub
235,0.0,1,Transformer,montransformer-sub
236,0.0,1,Transformer,montransformer-sub
237,0.0,1,Transformer,montransformer-sub
238,0.0,1,Transformer,montransformer-sub
239,0.0,1,Transformer,montransformer-sub
240,0.0,1,Transformer,montransformer-sub
1,0.0,1,Transformer,montransformer-xfm1
2,0.0,1,Transformer,montransformer-xfm1
3,0.0,1,Transformer,montransformer-xfm1
4,0.0,1,Transformer,montransformer-xfm1
5,0.0,1,Transformer,montransformer-xfm1
6,0.0,1,Transformer,montransformer-xfm1
7,0.0,1,Transformer,montransformer-xfm1
8,0.0,1,Transformer,montransformer-xfm1
9,0.0,1,Transformer,montransformer-xfm1
10,0.0,1,Transformer,montransformer-xfm1
11,0.0,1,Transformer,montransformer-xfm1
12,0.0,1,Transformer,montransformer-xfm1
13,0.0,1,Transformer,montransformer-xfm1
14,0.0,1,Transformer,montransformer-xfm1
15,0.0,1,Transformer,montransformer-xfm1
16,0.0,1,Transformer,montransformer-xfm1
17,0.0,1,Transformer,montransformer-xfm1
18,0.0,1,Transformer,montransformer-xfm1
19,0.0,1,Transformer,montransformer-xfm1
20,0.0,1,Transformer,montransformer-xfm1
21,0.0,1,Transformer,montransformer-xfm1
22,0.0,1,Transformer,montransformer-xfm1
23,0.0,1,Transformer,montransformer-xfm1
24,0.0,1,Transformer,montransformer-xfm1
25,0.0,1,Transformer,montransformer-xfm1
26,0.0,1,Transformer,montransformer-xfm1
27,0.0,1,Transformer,montransformer-xfm1
28,0.0,1,Transformer,montransformer-xfm1
29,0.0,1,Transformer,montransformer-xfm1
30,0.0,1,Transformer,montransformer-xfm1
31,0.0,1,Transformer,montransformer-xfm1
32,0.0,1,Transformer,montransformer-xfm1
33,0.0,1,Transformer,montransformer-xfm1
34,0.0,1,Transformer,montransformer-xfm1
35,0.0,1,Transformer,montransformer-xfm1
36,0.0,1,Transformer,montransformer-xfm1
37,0.0,1,Transformer,montransformer-xfm1
38,0.0,1,Transformer,montransformer-xfm1
39,0.0,1,Transformer,montransformer-xfm1
40,0.0,1,Transformer,montransformer-xfm1
41,0.0,1,Transformer,montransformer-xfm1
42,0.0,1,Transformer,montransformer-xfm1
43,0.0,1,Transformer,montransformer-xfm1
44,0.0,1,Transformer,montransformer-xfm1
45,0.0,1,Transformer,montransformer-xfm1
46,0.0,1,Transformer,montransformer-xfm1
47,0.0,1,Transformer,montransformer-xfm1
48,0.0,1,Transformer,montransformer-xfm1
49,0.0,1,Transformer,montransformer-xfm1
50,0.0,1,Transformer,montransformer-xfm1
51,0.0,1,Transformer,montransformer-xfm1
52,0.0,1,Transformer,montransformer-xfm1
53,0.0,1,Transformer,montransformer-xfm1
54,0.0,1,Transformer,montransformer-xfm1
55,0.0,1,Transformer,montransformer-xfm1
56,0.0,1,Transformer,montransformer-xfm1
57,0.0,1,Transformer,montransformer-xfm1
58,0.0,1,Transformer,montransformer-xfm1
59,0.0,1,Transformer,montransformer-xfm1
60,0.0,1,Transformer,montransformer-xfm1
61,0.0,1,Transformer,montransformer-xfm1
62,0.0,1,Transformer,montransformer-xfm1
63,0.0,1,Transformer,montransformer-xfm1
64,0.0,1,Transformer,montransformer-xfm1
65,0.0,1,Transformer,montransformer-xfm1
66,0.0,1,Transformer,montransformer-xfm1
67,0.0,1,Transformer,montransformer-xfm1
68,0.0,1,Transformer,montransformer-xfm1
69,0.0,1,Transformer,montransformer-xfm1
70,0.0,1,Transformer,montransformer-xfm1
71,0.0,1,Transformer,montransformer-xfm1
72,0.0,1,Transformer,montransformer-xfm1
73,0.0,1,Transformer,montransformer-xfm1
74,0.0,1,Transformer,montransformer-xfm1
75,0.0,1,Transformer,montransformer-xfm1
76,0.0,1,Transformer,montransformer-xfm1
77,0.0,1,Transformer,montransformer-xfm1
78,0.0,1,Transformer,montransformer-xfm1
79,0.0,1,Transformer,montransformer-xfm1
80,0.0,1,Transformer,montransformer-xfm1
81,0.0,1,Transformer,montransformer-xfm1
82,0.0,1,Transformer,montransformer-xfm1
83,0.0,1,Transformer,montransformer-xfm1
84,0.0,1,Transformer,montransformer-xfm1
85,0.0,1,Transformer,montransformer-xfm1
86,0.0,1,Transformer,montransformer-xfm1
87,0.0,1,Transformer,montransformer-xfm1
88,0.0,1,Transformer,montransformer-xfm1
89,0.0,1,Transformer,montransformer-xfm1
90,0.0,1,Transformer,montransformer-xfm1
91,0.0,1,Transformer,montransformer-xfm1
92,0.0,1,Transformer,montransformer-xfm1
93,0.0,1,Transformer,montransformer-xfm1
94,0.0,1,Transformer,montransformer-xfm1
95,0.0,1,Transformer,montransformer-xfm1
96,0.0,1,Transformer,montransformer-xfm1
97,0.0,1,Transformer,montransformer-xfm1
98,0.0,1,Transformer,montransformer-xfm1
99,0.0,1,Transformer,montransformer-xfm1
100,0.0,1,Transformer,montransformer-xfm1
101,0.0,1,Transformer,montransformer-xfm1
102,0.0,1,Transformer,montransformer-xfm1
103,0.0,1,Transformer,montransformer-xfm1
104,0.0,1,Transformer,montransformer-xfm1
105,0.0,1,Transformer,montransformer-xfm1
106,0.0,1,Transformer,montransformer-xfm1
107,0.0,1,Transformer,montransformer-xfm1
108,0.0,1,Transformer,montransformer-xfm1
109,0.0,1,Transformer,montransformer-xfm1
110,0.0,1,Transformer,montransformer-xfm1
111,0.0,1,Transformer,montransformer-xfm1
112,0.0,1,Transformer,montransformer-xfm1
113,0.0,1,Transformer,montransformer-xfm1
114,0.0,1,Transformer,montransformer-xfm1
115,0.0,1,Transformer,montransformer-xfm1
116,0.0,1,Transformer,montransformer-xfm1
117,0.0,1,Transformer,montransformer-xfm1
118,0.0,1,Transformer,montransformer-xfm1
119,0.0,1,Transformer,montransformer-xfm1
120,0.0,1,Transformer,montransformer-xfm1
121,0.0,1,Transformer,montransformer-xfm1
122,0.0,1,Transformer,montransformer-xfm1
123,0.0,1,Transformer,montransformer-xfm1
124,0.0,1,Transformer,montransformer-xfm1
125,0.0,1,Transformer,montransformer-xfm1
126,0.0,1,Transformer,montransformer-xfm1
127,0.0,1,Transformer,montransformer-xfm1
128,0.0,1,Transformer,montransformer-xfm1
129,0.0,1,Transformer,montransformer-xfm1
130,0.0,1,Transformer,montransformer-xfm1
131,0.0,1,Transformer,montransformer-xfm1
132,0.0,1,Transformer,montransformer-xfm1
133,0.0,1,Transformer,montransformer-xfm1
134,0.0,1,Transformer,montransformer-xfm1
135,0.0,1,Transformer,montransformer-xfm1
136,0.0,1,Transformer,montransformer-xfm1
137,0.0,1,Transformer,montransformer-xfm1
138,0.0,1,Transformer,montransformer-xfm1
139,0.0,1,Transformer,montransformer-xfm1
140,0.0,1,Transformer,montransformer-xfm1
141,0.0,1,Transformer,montransformer-xfm1
142,0.0,1,Transformer,montransformer-xfm1
143,0.0,1,Transformer,montransformer-xfm1
144,0.0,1,Transformer,montransformer-xfm1
145,0.0,1,Transformer,montransformer-xfm1
146,0.0,1,Transformer,montransformer-xfm1
147,0.0,1,Transformer,montransformer-xfm1
148,0.0,1,Transformer,montransformer-xfm1
149,0.0,1,Transformer,montransformer-xfm1
150,0.0,1,Transformer,montransformer-xfm1
151,0.0,1,Transformer,montransformer-xfm1
152,0.0,1,Transformer,montransformer-xfm1
153,0.0,1,Transformer,montransformer-xfm1
154,0.0,1,Transformer,montransformer-xfm1
155,0.0,1,Transformer,montransformer-xfm1
156,0.0,1,Transformer,montransformer-xfm1
157,0.0,1,Transformer,montransformer-xfm1
158,0.0,1,Transformer,montransformer-xfm1
159,0.0,1,Transformer,montransformer-xfm1
160,0.0,1,Transformer,montransformer-xfm1
161,0.0,1,Transformer,montransformer-xfm1
162,0.0,1,Transformer,montransformer-xfm1
163,0.0,1,Transformer,montransformer-xfm1
164,0.0,1,Transformer,montransformer-xfm1
165,0.0,1,Transformer,montransformer-xfm1
166,0.0,1,Transformer,montransformer-xfm1
167,0.0,1,Transformer,montransformer-xfm1
168,0.0,1,Transformer,montransformer-xfm1
169,0.0,1,Transformer,montransformer-xfm1
170,0.0,1,Transformer,montransformer-xfm1
171,0.0,1,Transformer,montransformer-xfm1
172,0.0,1,Transformer,montransformer-xfm1
173,0.0,1,Transformer,montransformer-xfm1
174,0.0,1,Transformer,montransformer-xfm1
175,0.0,1,Transformer,montransformer-xfm1
176,0.0,1,Transformer,montransformer-xfm1
177,0.0,1,Transformer,montransformer-xfm1
178,0.0,1,Transformer,montransformer-xfm1
179,0.0,1,Transformer,montransformer-xfm1
180,0.0,1,Transformer,montransformer-xfm1
181,0.0,1,Transformer,montransformer-xfm1
182,0.0,1,Transformer,montransformer-xfm1
183,0.0,1,Transformer,montransformer-xfm1
184,0.0,1,Transformer,montransformer-xfm1
185,0.0,1,Transformer,montransformer-xfm1
186,0.0,1,Transformer,montransformer-xfm1
187,0.0,1,Transformer,montransformer-xfm1
188,0.0,1,Transformer,montransformer-xfm1
189,0.0,1,Transformer,montransformer-xfm1
190,0.0,1,Transformer,montransformer-xfm1
191,0.0,1,Transformer,montransformer-xfm1
192,0.0,1,Transformer,montransformer-xfm1
193,0.0,1,Transformer,montransformer-xfm1
194,0.0,1,Transformer,montransformer-xfm1
195,0.0,1,Transformer,montransformer-xfm1
196,0.0,1,Transformer,montransformer-xfm1
197,0.0,1,Transformer,montransformer-xfm1
198,0.0,1,Transformer,montransformer-xfm1
199,0.0,1,Transformer,montransformer-xfm1
200,0.0,1,Transformer,montransformer-xfm1
201,0.0,1,Transformer,montransformer-xfm1
202,0.0,1,Transformer,montransformer-xfm1
203,0.0,1,Transformer,montransformer-xfm1
204,0.0,1,Transformer,montransformer-xfm1
205,0.0,1,Transformer,montransformer-xfm1
206,0.0,1,Transformer,montransformer-xfm1
207,0.0,1,Transformer,montransformer-xfm1
208,0.0,1,Transformer,montransformer-xfm1
209,0.0,1,Transformer,montransformer-xfm1
210,0.0,1,Transformer,montransformer-xfm1
211,0.0,1,Transformer,montransformer-xfm1
212,0.0,1,Transformer,montransformer-xfm1
213,0.0,1,Transformer,montransformer-xfm1
214,0.0,1,Transformer,montransformer-xfm1
215,0.0,1,Transformer,montransformer-xfm1
216,0.0,1,Transformer,montransformer-xfm1
217,0.0,1,Transformer,montransformer-xfm1
218,0.0,1,Transformer,montransformer-xfm1
219,0.0,1,Transformer,montransformer-xfm1
220,0.0,1,Transformer,montransformer-xfm1
221,0.0,1,Transformer,montransformer-xfm1
222,0.0,1,Transformer,montransformer-xfm1
223,0.0,1,Transformer,montransformer-xfm1
224,0.0,1,Transformer,montransformer-xfm1
225,0.0,1,Transformer,montransformer-xfm1
226,0.0,1,Transformer,montransformer-xfm1
227,0.0,1,Transformer,montransformer-xfm1
228,0.0,1,Transformer,montransformer-xfm1
229,0.0,1,Transformer,montransformer-xfm1
230,0.0,1,Transformer,montransformer-xfm1
231,0.0,1,Transformer,montransformer-xfm1
232,0.0,1,Transformer,montransformer-xfm1
233,0.0,1,Transformer,montransformer-xfm1
234,0.0,1,Transformer,montransformer-xfm1
235,0.0,1,Transformer,montransformer-xfm1
236,0.0,1,Transformer,montransformer-xfm1
237,0.0,1,Transformer,montransformer-xfm1
238,0.0,1,Transformer,montransformer-xfm1
239,0.0,1,Transformer,montransformer-xfm1
240,0.0,1,Transformer,montransformer-xfm1
