hour,t(sec),Tap(pu),Type,Name,Step_1,Unnamed:3
1,0.0,,Capacitor,moncapacitor-cap1,1.0,
2,0.0,,Capacitor,moncapacitor-cap1,1.0,
3,0.0,,Capacitor,moncapacitor-cap1,1.0,
4,0.0,,Capacitor,moncapacitor-cap1,1.0,
5,0.0,,Capacitor,moncapacitor-cap1,1.0,
6,0.0,,Capacitor,moncapacitor-cap1,1.0,
7,0.0,,Capacitor,moncapacitor-cap1,1.0,
8,0.0,,Capacitor,moncapacitor-cap1,1.0,
9,0.0,,Capacitor,moncapacitor-cap1,1.0,
10,0.0,,Capacitor,moncapacitor-cap1,1.0,
11,0.0,,Capacitor,moncapacitor-cap1,1.0,
12,0.0,,Capacitor,moncapacitor-cap1,1.0,
13,0.0,,Capacitor,moncapacitor-cap1,1.0,
14,0.0,,Capacitor,moncapacitor-cap1,1.0,
15,0.0,,Capacitor,moncapacitor-cap1,1.0,
16,0.0,,Capacitor,moncapacitor-cap1,1.0,
17,0.0,,Capacitor,moncapacitor-cap1,1.0,
18,0.0,,Capacitor,moncapacitor-cap1,1.0,
19,0.0,,Capacitor,moncapacitor-cap1,1.0,
20,0.0,,Capacitor,moncapacitor-cap1,1.0,
21,0.0,,Capacitor,moncapacitor-cap1,1.0,
22,0.0,,Capacitor,moncapacitor-cap1,1.0,
23,0.0,,Capacitor,moncapacitor-cap1,1.0,
24,0.0,,Capacitor,moncapacitor-cap1,1.0,
25,0.0,,Capacitor,moncapacitor-cap1,1.0,
26,0.0,,Capacitor,moncapacitor-cap1,1.0,
27,0.0,,Capacitor,moncapacitor-cap1,1.0,
28,0.0,,Capacitor,moncapacitor-cap1,1.0,
29,0.0,,Capacitor,moncapacitor-cap1,1.0,
30,0.0,,Capacitor,moncapacitor-cap1,1.0,
31,0.0,,Capacitor,moncapacitor-cap1,1.0,
32,0.0,,Capacitor,moncapacitor-cap1,1.0,
33,0.0,,Capacitor,moncapacitor-cap1,1.0,
34,0.0,,Capacitor,moncapacitor-cap1,1.0,
35,0.0,,Capacitor,moncapacitor-cap1,1.0,
36,0.0,,Capacitor,moncapacitor-cap1,1.0,
37,0.0,,Capacitor,moncapacitor-cap1,1.0,
38,0.0,,Capacitor,moncapacitor-cap1,1.0,
39,0.0,,Capacitor,moncapacitor-cap1,1.0,
40,0.0,,Capacitor,moncapacitor-cap1,1.0,
41,0.0,,Capacitor,moncapacitor-cap1,1.0,
42,0.0,,Capacitor,moncapacitor-cap1,1.0,
43,0.0,,Capacitor,moncapacitor-cap1,1.0,
44,0.0,,Capacitor,moncapacitor-cap1,1.0,
45,0.0,,Capacitor,moncapacitor-cap1,1.0,
46,0.0,,Capacitor,moncapacitor-cap1,1.0,
47,0.0,,Capacitor,moncapacitor-cap1,1.0,
48,0.0,,Capacitor,moncapacitor-cap1,1.0,
49,0.0,,Capacitor,moncapacitor-cap1,1.0,
50,0.0,,Capacitor,moncapacitor-cap1,1.0,
51,0.0,,Capacitor,moncapacitor-cap1,1.0,
52,0.0,,Capacitor,moncapacitor-cap1,1.0,
53,0.0,,Capacitor,moncapacitor-cap1,1.0,
54,0.0,,Capacitor,moncapacitor-cap1,1.0,
55,0.0,,Capacitor,moncapacitor-cap1,1.0,
56,0.0,,Capacitor,moncapacitor-cap1,1.0,
57,0.0,,Capacitor,moncapacitor-cap1,1.0,
58,0.0,,Capacitor,moncapacitor-cap1,1.0,
59,0.0,,Capacitor,moncapacitor-cap1,1.0,
60,0.0,,Capacitor,moncapacitor-cap1,1.0,
61,0.0,,Capacitor,moncapacitor-cap1,1.0,
62,0.0,,Capacitor,moncapacitor-cap1,1.0,
63,0.0,,Capacitor,moncapacitor-cap1,1.0,
64,0.0,,Capacitor,moncapacitor-cap1,1.0,
65,0.0,,Capacitor,moncapacitor-cap1,1.0,
66,0.0,,Capacitor,moncapacitor-cap1,1.0,
67,0.0,,Capacitor,moncapacitor-cap1,1.0,
68,0.0,,Capacitor,moncapacitor-cap1,1.0,
69,0.0,,Capacitor,moncapacitor-cap1,1.0,
70,0.0,,Capacitor,moncapacitor-cap1,1.0,
71,0.0,,Capacitor,moncapacitor-cap1,1.0,
72,0.0,,Capacitor,moncapacitor-cap1,1.0,
73,0.0,,Capacitor,moncapacitor-cap1,1.0,
74,0.0,,Capacitor,moncapacitor-cap1,1.0,
75,0.0,,Capacitor,moncapacitor-cap1,1.0,
76,0.0,,Capacitor,moncapacitor-cap1,1.0,
77,0.0,,Capacitor,moncapacitor-cap1,1.0,
78,0.0,,Capacitor,moncapacitor-cap1,1.0,
79,0.0,,Capacitor,moncapacitor-cap1,1.0,
80,0.0,,Capacitor,moncapacitor-cap1,1.0,
81,0.0,,Capacitor,moncapacitor-cap1,1.0,
82,0.0,,Capacitor,moncapacitor-cap1,1.0,
83,0.0,,Capacitor,moncapacitor-cap1,1.0,
84,0.0,,Capacitor,moncapacitor-cap1,1.0,
85,0.0,,Capacitor,moncapacitor-cap1,1.0,
86,0.0,,Capacitor,moncapacitor-cap1,1.0,
87,0.0,,Capacitor,moncapacitor-cap1,1.0,
88,0.0,,Capacitor,moncapacitor-cap1,1.0,
89,0.0,,Capacitor,moncapacitor-cap1,1.0,
90,0.0,,Capacitor,moncapacitor-cap1,1.0,
91,0.0,,Capacitor,moncapacitor-cap1,1.0,
92,0.0,,Capacitor,moncapacitor-cap1,1.0,
93,0.0,,Capacitor,moncapacitor-cap1,1.0,
94,0.0,,Capacitor,moncapacitor-cap1,1.0,
95,0.0,,Capacitor,moncapacitor-cap1,1.0,
96,0.0,,Capacitor,moncapacitor-cap1,1.0,
97,0.0,,Capacitor,moncapacitor-cap1,1.0,
98,0.0,,Capacitor,moncapacitor-cap1,1.0,
99,0.0,,Capacitor,moncapacitor-cap1,1.0,
100,0.0,,Capacitor,moncapacitor-cap1,1.0,
101,0.0,,Capacitor,moncapacitor-cap1,1.0,
102,0.0,,Capacitor,moncapacitor-cap1,1.0,
103,0.0,,Capacitor,moncapacitor-cap1,1.0,
104,0.0,,Capacitor,moncapacitor-cap1,1.0,
105,0.0,,Capacitor,moncapacitor-cap1,1.0,
106,0.0,,Capacitor,moncapacitor-cap1,1.0,
107,0.0,,Capacitor,moncapacitor-cap1,1.0,
108,0.0,,Capacitor,moncapacitor-cap1,1.0,
109,0.0,,Capacitor,moncapacitor-cap1,1.0,
110,0.0,,Capacitor,moncapacitor-cap1,1.0,
111,0.0,,Capacitor,moncapacitor-cap1,1.0,
112,0.0,,Capacitor,moncapacitor-cap1,1.0,
113,0.0,,Capacitor,moncapacitor-cap1,1.0,
114,0.0,,Capacitor,moncapacitor-cap1,1.0,
115,0.0,,Capacitor,moncapacitor-cap1,1.0,
116,0.0,,Capacitor,moncapacitor-cap1,1.0,
117,0.0,,Capacitor,moncapacitor-cap1,1.0,
118,0.0,,Capacitor,moncapacitor-cap1,1.0,
119,0.0,,Capacitor,moncapacitor-cap1,1.0,
120,0.0,,Capacitor,moncapacitor-cap1,1.0,
121,0.0,,Capacitor,moncapacitor-cap1,1.0,
122,0.0,,Capacitor,moncapacitor-cap1,1.0,
123,0.0,,Capacitor,moncapacitor-cap1,1.0,
124,0.0,,Capacitor,moncapacitor-cap1,1.0,
125,0.0,,Capacitor,moncapacitor-cap1,1.0,
126,0.0,,Capacitor,moncapacitor-cap1,1.0,
127,0.0,,Capacitor,moncapacitor-cap1,1.0,
128,0.0,,Capacitor,moncapacitor-cap1,1.0,
129,0.0,,Capacitor,moncapacitor-cap1,1.0,
130,0.0,,Capacitor,moncapacitor-cap1,1.0,
131,0.0,,Capacitor,moncapacitor-cap1,1.0,
132,0.0,,Capacitor,moncapacitor-cap1,1.0,
133,0.0,,Capacitor,moncapacitor-cap1,1.0,
134,0.0,,Capacitor,moncapacitor-cap1,1.0,
135,0.0,,Capacitor,moncapacitor-cap1,1.0,
136,0.0,,Capacitor,moncapacitor-cap1,1.0,
137,0.0,,Capacitor,moncapacitor-cap1,1.0,
138,0.0,,Capacitor,moncapacitor-cap1,1.0,
139,0.0,,Capacitor,moncapacitor-cap1,1.0,
140,0.0,,Capacitor,moncapacitor-cap1,1.0,
141,0.0,,Capacitor,moncapacitor-cap1,1.0,
142,0.0,,Capacitor,moncapacitor-cap1,1.0,
143,0.0,,Capacitor,moncapacitor-cap1,1.0,
144,0.0,,Capacitor,moncapacitor-cap1,1.0,
145,0.0,,Capacitor,moncapacitor-cap1,1.0,
146,0.0,,Capacitor,moncapacitor-cap1,1.0,
147,0.0,,Capacitor,moncapacitor-cap1,1.0,
148,0.0,,Capacitor,moncapacitor-cap1,1.0,
149,0.0,,Capacitor,moncapacitor-cap1,1.0,
150,0.0,,Capacitor,moncapacitor-cap1,1.0,
151,0.0,,Capacitor,moncapacitor-cap1,1.0,
152,0.0,,Capacitor,moncapacitor-cap1,1.0,
153,0.0,,Capacitor,moncapacitor-cap1,1.0,
154,0.0,,Capacitor,moncapacitor-cap1,1.0,
155,0.0,,Capacitor,moncapacitor-cap1,1.0,
156,0.0,,Capacitor,moncapacitor-cap1,1.0,
157,0.0,,Capacitor,moncapacitor-cap1,1.0,
158,0.0,,Capacitor,moncapacitor-cap1,1.0,
159,0.0,,Capacitor,moncapacitor-cap1,1.0,
160,0.0,,Capacitor,moncapacitor-cap1,1.0,
161,0.0,,Capacitor,moncapacitor-cap1,1.0,
162,0.0,,Capacitor,moncapacitor-cap1,1.0,
163,0.0,,Capacitor,moncapacitor-cap1,1.0,
164,0.0,,Capacitor,moncapacitor-cap1,1.0,
165,0.0,,Capacitor,moncapacitor-cap1,1.0,
166,0.0,,Capacitor,moncapacitor-cap1,1.0,
167,0.0,,Capacitor,moncapacitor-cap1,1.0,
168,0.0,,Capacitor,moncapacitor-cap1,1.0,
169,0.0,,Capacitor,moncapacitor-cap1,1.0,
170,0.0,,Capacitor,moncapacitor-cap1,1.0,
171,0.0,,Capacitor,moncapacitor-cap1,1.0,
172,0.0,,Capacitor,moncapacitor-cap1,1.0,
173,0.0,,Capacitor,moncapacitor-cap1,1.0,
174,0.0,,Capacitor,moncapacitor-cap1,1.0,
175,0.0,,Capacitor,moncapacitor-cap1,1.0,
176,0.0,,Capacitor,moncapacitor-cap1,1.0,
177,0.0,,Capacitor,moncapacitor-cap1,1.0,
178,0.0,,Capacitor,moncapacitor-cap1,1.0,
179,0.0,,Capacitor,moncapacitor-cap1,1.0,
180,0.0,,Capacitor,moncapacitor-cap1,1.0,
181,0.0,,Capacitor,moncapacitor-cap1,1.0,
182,0.0,,Capacitor,moncapacitor-cap1,1.0,
183,0.0,,Capacitor,moncapacitor-cap1,1.0,
184,0.0,,Capacitor,moncapacitor-cap1,1.0,
185,0.0,,Capacitor,moncapacitor-cap1,1.0,
186,0.0,,Capacitor,moncapacitor-cap1,1.0,
187,0.0,,Capacitor,moncapacitor-cap1,1.0,
188,0.0,,Capacitor,moncapacitor-cap1,1.0,
189,0.0,,Capacitor,moncapacitor-cap1,1.0,
190,0.0,,Capacitor,moncapacitor-cap1,1.0,
191,0.0,,Capacitor,moncapacitor-cap1,1.0,
192,0.0,,Capacitor,moncapacitor-cap1,1.0,
193,0.0,,Capacitor,moncapacitor-cap1,1.0,
194,0.0,,Capacitor,moncapacitor-cap1,1.0,
195,0.0,,Capacitor,moncapacitor-cap1,1.0,
196,0.0,,Capacitor,moncapacitor-cap1,1.0,
197,0.0,,Capacitor,moncapacitor-cap1,1.0,
198,0.0,,Capacitor,moncapacitor-cap1,1.0,
199,0.0,,Capacitor,moncapacitor-cap1,1.0,
200,0.0,,Capacitor,moncapacitor-cap1,1.0,
201,0.0,,Capacitor,moncapacitor-cap1,1.0,
202,0.0,,Capacitor,moncapacitor-cap1,1.0,
203,0.0,,Capacitor,moncapacitor-cap1,1.0,
204,0.0,,Capacitor,moncapacitor-cap1,1.0,
205,0.0,,Capacitor,moncapacitor-cap1,1.0,
206,0.0,,Capacitor,moncapacitor-cap1,1.0,
207,0.0,,Capacitor,moncapacitor-cap1,1.0,
208,0.0,,Capacitor,moncapacitor-cap1,1.0,
209,0.0,,Capacitor,moncapacitor-cap1,1.0,
210,0.0,,Capacitor,moncapacitor-cap1,1.0,
211,0.0,,Capacitor,moncapacitor-cap1,1.0,
212,0.0,,Capacitor,moncapacitor-cap1,1.0,
213,0.0,,Capacitor,moncapacitor-cap1,1.0,
214,0.0,,Capacitor,moncapacitor-cap1,1.0,
215,0.0,,Capacitor,moncapacitor-cap1,1.0,
216,0.0,,Capacitor,moncapacitor-cap1,1.0,
217,0.0,,Capacitor,moncapacitor-cap1,1.0,
218,0.0,,Capacitor,moncapacitor-cap1,1.0,
219,0.0,,Capacitor,moncapacitor-cap1,1.0,
220,0.0,,Capacitor,moncapacitor-cap1,1.0,
221,0.0,,Capacitor,moncapacitor-cap1,1.0,
222,0.0,,Capacitor,moncapacitor-cap1,1.0,
223,0.0,,Capacitor,moncapacitor-cap1,1.0,
224,0.0,,Capacitor,moncapacitor-cap1,1.0,
225,0.0,,Capacitor,moncapacitor-cap1,1.0,
226,0.0,,Capacitor,moncapacitor-cap1,1.0,
227,0.0,,Capacitor,moncapacitor-cap1,1.0,
228,0.0,,Capacitor,moncapacitor-cap1,1.0,
229,0.0,,Capacitor,moncapacitor-cap1,1.0,
230,0.0,,Capacitor,moncapacitor-cap1,1.0,
231,0.0,,Capacitor,moncapacitor-cap1,1.0,
232,0.0,,Capacitor,moncapacitor-cap1,1.0,
233,0.0,,Capacitor,moncapacitor-cap1,1.0,
234,0.0,,Capacitor,moncapacitor-cap1,1.0,
235,0.0,,Capacitor,moncapacitor-cap1,1.0,
236,0.0,,Capacitor,moncapacitor-cap1,1.0,
237,0.0,,Capacitor,moncapacitor-cap1,1.0,
238,0.0,,Capacitor,moncapacitor-cap1,1.0,
239,0.0,,Capacitor,moncapacitor-cap1,1.0,
240,0.0,,Capacitor,moncapacitor-cap1,1.0,
241,0.0,,Capacitor,moncapacitor-cap1,1.0,
242,0.0,,Capacitor,moncapacitor-cap1,1.0,
243,0.0,,Capacitor,moncapacitor-cap1,1.0,
244,0.0,,Capacitor,moncapacitor-cap1,1.0,
245,0.0,,Capacitor,moncapacitor-cap1,1.0,
246,0.0,,Capacitor,moncapacitor-cap1,1.0,
247,0.0,,Capacitor,moncapacitor-cap1,1.0,
248,0.0,,Capacitor,moncapacitor-cap1,1.0,
249,0.0,,Capacitor,moncapacitor-cap1,1.0,
250,0.0,,Capacitor,moncapacitor-cap1,1.0,
251,0.0,,Capacitor,moncapacitor-cap1,1.0,
252,0.0,,Capacitor,moncapacitor-cap1,1.0,
253,0.0,,Capacitor,moncapacitor-cap1,1.0,
254,0.0,,Capacitor,moncapacitor-cap1,1.0,
255,0.0,,Capacitor,moncapacitor-cap1,1.0,
256,0.0,,Capacitor,moncapacitor-cap1,1.0,
257,0.0,,Capacitor,moncapacitor-cap1,1.0,
258,0.0,,Capacitor,moncapacitor-cap1,1.0,
259,0.0,,Capacitor,moncapacitor-cap1,1.0,
260,0.0,,Capacitor,moncapacitor-cap1,1.0,
261,0.0,,Capacitor,moncapacitor-cap1,1.0,
262,0.0,,Capacitor,moncapacitor-cap1,1.0,
263,0.0,,Capacitor,moncapacitor-cap1,1.0,
264,0.0,,Capacitor,moncapacitor-cap1,1.0,
265,0.0,,Capacitor,moncapacitor-cap1,1.0,
266,0.0,,Capacitor,moncapacitor-cap1,1.0,
267,0.0,,Capacitor,moncapacitor-cap1,1.0,
268,0.0,,Capacitor,moncapacitor-cap1,1.0,
269,0.0,,Capacitor,moncapacitor-cap1,1.0,
270,0.0,,Capacitor,moncapacitor-cap1,1.0,
271,0.0,,Capacitor,moncapacitor-cap1,1.0,
272,0.0,,Capacitor,moncapacitor-cap1,1.0,
273,0.0,,Capacitor,moncapacitor-cap1,1.0,
274,0.0,,Capacitor,moncapacitor-cap1,1.0,
275,0.0,,Capacitor,moncapacitor-cap1,1.0,
276,0.0,,Capacitor,moncapacitor-cap1,1.0,
277,0.0,,Capacitor,moncapacitor-cap1,1.0,
278,0.0,,Capacitor,moncapacitor-cap1,1.0,
279,0.0,,Capacitor,moncapacitor-cap1,1.0,
280,0.0,,Capacitor,moncapacitor-cap1,1.0,
281,0.0,,Capacitor,moncapacitor-cap1,1.0,
282,0.0,,Capacitor,moncapacitor-cap1,1.0,
283,0.0,,Capacitor,moncapacitor-cap1,1.0,
284,0.0,,Capacitor,moncapacitor-cap1,1.0,
285,0.0,,Capacitor,moncapacitor-cap1,1.0,
286,0.0,,Capacitor,moncapacitor-cap1,1.0,
287,0.0,,Capacitor,moncapacitor-cap1,1.0,
288,0.0,,Capacitor,moncapacitor-cap1,1.0,
289,0.0,,Capacitor,moncapacitor-cap1,1.0,
290,0.0,,Capacitor,moncapacitor-cap1,1.0,
291,0.0,,Capacitor,moncapacitor-cap1,1.0,
292,0.0,,Capacitor,moncapacitor-cap1,1.0,
293,0.0,,Capacitor,moncapacitor-cap1,1.0,
294,0.0,,Capacitor,moncapacitor-cap1,1.0,
295,0.0,,Capacitor,moncapacitor-cap1,1.0,
296,0.0,,Capacitor,moncapacitor-cap1,1.0,
297,0.0,,Capacitor,moncapacitor-cap1,1.0,
298,0.0,,Capacitor,moncapacitor-cap1,1.0,
299,0.0,,Capacitor,moncapacitor-cap1,1.0,
300,0.0,,Capacitor,moncapacitor-cap1,1.0,
1,0.0,,Capacitor,moncapacitor-cap2,1.0,
2,0.0,,Capacitor,moncapacitor-cap2,1.0,
3,0.0,,Capacitor,moncapacitor-cap2,1.0,
4,0.0,,Capacitor,moncapacitor-cap2,1.0,
5,0.0,,Capacitor,moncapacitor-cap2,1.0,
6,0.0,,Capacitor,moncapacitor-cap2,1.0,
7,0.0,,Capacitor,moncapacitor-cap2,1.0,
8,0.0,,Capacitor,moncapacitor-cap2,1.0,
9,0.0,,Capacitor,moncapacitor-cap2,1.0,
10,0.0,,Capacitor,moncapacitor-cap2,1.0,
11,0.0,,Capacitor,moncapacitor-cap2,1.0,
12,0.0,,Capacitor,moncapacitor-cap2,1.0,
13,0.0,,Capacitor,moncapacitor-cap2,1.0,
14,0.0,,Capacitor,moncapacitor-cap2,1.0,
15,0.0,,Capacitor,moncapacitor-cap2,1.0,
16,0.0,,Capacitor,moncapacitor-cap2,1.0,
17,0.0,,Capacitor,moncapacitor-cap2,1.0,
18,0.0,,Capacitor,moncapacitor-cap2,1.0,
19,0.0,,Capacitor,moncapacitor-cap2,1.0,
20,0.0,,Capacitor,moncapacitor-cap2,1.0,
21,0.0,,Capacitor,moncapacitor-cap2,1.0,
22,0.0,,Capacitor,moncapacitor-cap2,1.0,
23,0.0,,Capacitor,moncapacitor-cap2,1.0,
24,0.0,,Capacitor,moncapacitor-cap2,1.0,
25,0.0,,Capacitor,moncapacitor-cap2,1.0,
26,0.0,,Capacitor,moncapacitor-cap2,1.0,
27,0.0,,Capacitor,moncapacitor-cap2,1.0,
28,0.0,,Capacitor,moncapacitor-cap2,1.0,
29,0.0,,Capacitor,moncapacitor-cap2,1.0,
30,0.0,,Capacitor,moncapacitor-cap2,1.0,
31,0.0,,Capacitor,moncapacitor-cap2,1.0,
32,0.0,,Capacitor,moncapacitor-cap2,1.0,
33,0.0,,Capacitor,moncapacitor-cap2,1.0,
34,0.0,,Capacitor,moncapacitor-cap2,1.0,
35,0.0,,Capacitor,moncapacitor-cap2,1.0,
36,0.0,,Capacitor,moncapacitor-cap2,1.0,
37,0.0,,Capacitor,moncapacitor-cap2,1.0,
38,0.0,,Capacitor,moncapacitor-cap2,1.0,
39,0.0,,Capacitor,moncapacitor-cap2,1.0,
40,0.0,,Capacitor,moncapacitor-cap2,1.0,
41,0.0,,Capacitor,moncapacitor-cap2,1.0,
42,0.0,,Capacitor,moncapacitor-cap2,1.0,
43,0.0,,Capacitor,moncapacitor-cap2,1.0,
44,0.0,,Capacitor,moncapacitor-cap2,1.0,
45,0.0,,Capacitor,moncapacitor-cap2,1.0,
46,0.0,,Capacitor,moncapacitor-cap2,1.0,
47,0.0,,Capacitor,moncapacitor-cap2,1.0,
48,0.0,,Capacitor,moncapacitor-cap2,1.0,
49,0.0,,Capacitor,moncapacitor-cap2,1.0,
50,0.0,,Capacitor,moncapacitor-cap2,1.0,
51,0.0,,Capacitor,moncapacitor-cap2,1.0,
52,0.0,,Capacitor,moncapacitor-cap2,1.0,
53,0.0,,Capacitor,moncapacitor-cap2,1.0,
54,0.0,,Capacitor,moncapacitor-cap2,1.0,
55,0.0,,Capacitor,moncapacitor-cap2,1.0,
56,0.0,,Capacitor,moncapacitor-cap2,1.0,
57,0.0,,Capacitor,moncapacitor-cap2,1.0,
58,0.0,,Capacitor,moncapacitor-cap2,1.0,
59,0.0,,Capacitor,moncapacitor-cap2,1.0,
60,0.0,,Capacitor,moncapacitor-cap2,1.0,
61,0.0,,Capacitor,moncapacitor-cap2,1.0,
62,0.0,,Capacitor,moncapacitor-cap2,1.0,
63,0.0,,Capacitor,moncapacitor-cap2,1.0,
64,0.0,,Capacitor,moncapacitor-cap2,1.0,
65,0.0,,Capacitor,moncapacitor-cap2,1.0,
66,0.0,,Capacitor,moncapacitor-cap2,1.0,
67,0.0,,Capacitor,moncapacitor-cap2,1.0,
68,0.0,,Capacitor,moncapacitor-cap2,1.0,
69,0.0,,Capacitor,moncapacitor-cap2,1.0,
70,0.0,,Capacitor,moncapacitor-cap2,1.0,
71,0.0,,Capacitor,moncapacitor-cap2,1.0,
72,0.0,,Capacitor,moncapacitor-cap2,1.0,
73,0.0,,Capacitor,moncapacitor-cap2,1.0,
74,0.0,,Capacitor,moncapacitor-cap2,1.0,
75,0.0,,Capacitor,moncapacitor-cap2,1.0,
76,0.0,,Capacitor,moncapacitor-cap2,1.0,
77,0.0,,Capacitor,moncapacitor-cap2,1.0,
78,0.0,,Capacitor,moncapacitor-cap2,1.0,
79,0.0,,Capacitor,moncapacitor-cap2,1.0,
80,0.0,,Capacitor,moncapacitor-cap2,1.0,
81,0.0,,Capacitor,moncapacitor-cap2,1.0,
82,0.0,,Capacitor,moncapacitor-cap2,1.0,
83,0.0,,Capacitor,moncapacitor-cap2,1.0,
84,0.0,,Capacitor,moncapacitor-cap2,1.0,
85,0.0,,Capacitor,moncapacitor-cap2,1.0,
86,0.0,,Capacitor,moncapacitor-cap2,1.0,
87,0.0,,Capacitor,moncapacitor-cap2,1.0,
88,0.0,,Capacitor,moncapacitor-cap2,1.0,
89,0.0,,Capacitor,moncapacitor-cap2,1.0,
90,0.0,,Capacitor,moncapacitor-cap2,1.0,
91,0.0,,Capacitor,moncapacitor-cap2,1.0,
92,0.0,,Capacitor,moncapacitor-cap2,1.0,
93,0.0,,Capacitor,moncapacitor-cap2,1.0,
94,0.0,,Capacitor,moncapacitor-cap2,1.0,
95,0.0,,Capacitor,moncapacitor-cap2,1.0,
96,0.0,,Capacitor,moncapacitor-cap2,1.0,
97,0.0,,Capacitor,moncapacitor-cap2,1.0,
98,0.0,,Capacitor,moncapacitor-cap2,1.0,
99,0.0,,Capacitor,moncapacitor-cap2,1.0,
100,0.0,,Capacitor,moncapacitor-cap2,1.0,
101,0.0,,Capacitor,moncapacitor-cap2,1.0,
102,0.0,,Capacitor,moncapacitor-cap2,1.0,
103,0.0,,Capacitor,moncapacitor-cap2,1.0,
104,0.0,,Capacitor,moncapacitor-cap2,1.0,
105,0.0,,Capacitor,moncapacitor-cap2,1.0,
106,0.0,,Capacitor,moncapacitor-cap2,1.0,
107,0.0,,Capacitor,moncapacitor-cap2,1.0,
108,0.0,,Capacitor,moncapacitor-cap2,1.0,
109,0.0,,Capacitor,moncapacitor-cap2,1.0,
110,0.0,,Capacitor,moncapacitor-cap2,1.0,
111,0.0,,Capacitor,moncapacitor-cap2,1.0,
112,0.0,,Capacitor,moncapacitor-cap2,1.0,
113,0.0,,Capacitor,moncapacitor-cap2,1.0,
114,0.0,,Capacitor,moncapacitor-cap2,1.0,
115,0.0,,Capacitor,moncapacitor-cap2,1.0,
116,0.0,,Capacitor,moncapacitor-cap2,1.0,
117,0.0,,Capacitor,moncapacitor-cap2,1.0,
118,0.0,,Capacitor,moncapacitor-cap2,1.0,
119,0.0,,Capacitor,moncapacitor-cap2,1.0,
120,0.0,,Capacitor,moncapacitor-cap2,1.0,
121,0.0,,Capacitor,moncapacitor-cap2,1.0,
122,0.0,,Capacitor,moncapacitor-cap2,1.0,
123,0.0,,Capacitor,moncapacitor-cap2,1.0,
124,0.0,,Capacitor,moncapacitor-cap2,1.0,
125,0.0,,Capacitor,moncapacitor-cap2,1.0,
126,0.0,,Capacitor,moncapacitor-cap2,1.0,
127,0.0,,Capacitor,moncapacitor-cap2,1.0,
128,0.0,,Capacitor,moncapacitor-cap2,1.0,
129,0.0,,Capacitor,moncapacitor-cap2,1.0,
130,0.0,,Capacitor,moncapacitor-cap2,1.0,
131,0.0,,Capacitor,moncapacitor-cap2,1.0,
132,0.0,,Capacitor,moncapacitor-cap2,1.0,
133,0.0,,Capacitor,moncapacitor-cap2,1.0,
134,0.0,,Capacitor,moncapacitor-cap2,1.0,
135,0.0,,Capacitor,moncapacitor-cap2,1.0,
136,0.0,,Capacitor,moncapacitor-cap2,1.0,
137,0.0,,Capacitor,moncapacitor-cap2,1.0,
138,0.0,,Capacitor,moncapacitor-cap2,1.0,
139,0.0,,Capacitor,moncapacitor-cap2,1.0,
140,0.0,,Capacitor,moncapacitor-cap2,1.0,
141,0.0,,Capacitor,moncapacitor-cap2,1.0,
142,0.0,,Capacitor,moncapacitor-cap2,1.0,
143,0.0,,Capacitor,moncapacitor-cap2,1.0,
144,0.0,,Capacitor,moncapacitor-cap2,1.0,
145,0.0,,Capacitor,moncapacitor-cap2,1.0,
146,0.0,,Capacitor,moncapacitor-cap2,1.0,
147,0.0,,Capacitor,moncapacitor-cap2,1.0,
148,0.0,,Capacitor,moncapacitor-cap2,1.0,
149,0.0,,Capacitor,moncapacitor-cap2,1.0,
150,0.0,,Capacitor,moncapacitor-cap2,1.0,
151,0.0,,Capacitor,moncapacitor-cap2,1.0,
152,0.0,,Capacitor,moncapacitor-cap2,1.0,
153,0.0,,Capacitor,moncapacitor-cap2,1.0,
154,0.0,,Capacitor,moncapacitor-cap2,1.0,
155,0.0,,Capacitor,moncapacitor-cap2,1.0,
156,0.0,,Capacitor,moncapacitor-cap2,1.0,
157,0.0,,Capacitor,moncapacitor-cap2,1.0,
158,0.0,,Capacitor,moncapacitor-cap2,1.0,
159,0.0,,Capacitor,moncapacitor-cap2,1.0,
160,0.0,,Capacitor,moncapacitor-cap2,1.0,
161,0.0,,Capacitor,moncapacitor-cap2,1.0,
162,0.0,,Capacitor,moncapacitor-cap2,1.0,
163,0.0,,Capacitor,moncapacitor-cap2,1.0,
164,0.0,,Capacitor,moncapacitor-cap2,1.0,
165,0.0,,Capacitor,moncapacitor-cap2,1.0,
166,0.0,,Capacitor,moncapacitor-cap2,1.0,
167,0.0,,Capacitor,moncapacitor-cap2,1.0,
168,0.0,,Capacitor,moncapacitor-cap2,1.0,
169,0.0,,Capacitor,moncapacitor-cap2,1.0,
170,0.0,,Capacitor,moncapacitor-cap2,1.0,
171,0.0,,Capacitor,moncapacitor-cap2,1.0,
172,0.0,,Capacitor,moncapacitor-cap2,1.0,
173,0.0,,Capacitor,moncapacitor-cap2,1.0,
174,0.0,,Capacitor,moncapacitor-cap2,1.0,
175,0.0,,Capacitor,moncapacitor-cap2,1.0,
176,0.0,,Capacitor,moncapacitor-cap2,1.0,
177,0.0,,Capacitor,moncapacitor-cap2,1.0,
178,0.0,,Capacitor,moncapacitor-cap2,1.0,
179,0.0,,Capacitor,moncapacitor-cap2,1.0,
180,0.0,,Capacitor,moncapacitor-cap2,1.0,
181,0.0,,Capacitor,moncapacitor-cap2,1.0,
182,0.0,,Capacitor,moncapacitor-cap2,1.0,
183,0.0,,Capacitor,moncapacitor-cap2,1.0,
184,0.0,,Capacitor,moncapacitor-cap2,1.0,
185,0.0,,Capacitor,moncapacitor-cap2,1.0,
186,0.0,,Capacitor,moncapacitor-cap2,1.0,
187,0.0,,Capacitor,moncapacitor-cap2,1.0,
188,0.0,,Capacitor,moncapacitor-cap2,1.0,
189,0.0,,Capacitor,moncapacitor-cap2,1.0,
190,0.0,,Capacitor,moncapacitor-cap2,1.0,
191,0.0,,Capacitor,moncapacitor-cap2,1.0,
192,0.0,,Capacitor,moncapacitor-cap2,1.0,
193,0.0,,Capacitor,moncapacitor-cap2,1.0,
194,0.0,,Capacitor,moncapacitor-cap2,1.0,
195,0.0,,Capacitor,moncapacitor-cap2,1.0,
196,0.0,,Capacitor,moncapacitor-cap2,1.0,
197,0.0,,Capacitor,moncapacitor-cap2,1.0,
198,0.0,,Capacitor,moncapacitor-cap2,1.0,
199,0.0,,Capacitor,moncapacitor-cap2,1.0,
200,0.0,,Capacitor,moncapacitor-cap2,1.0,
201,0.0,,Capacitor,moncapacitor-cap2,1.0,
202,0.0,,Capacitor,moncapacitor-cap2,1.0,
203,0.0,,Capacitor,moncapacitor-cap2,1.0,
204,0.0,,Capacitor,moncapacitor-cap2,1.0,
205,0.0,,Capacitor,moncapacitor-cap2,1.0,
206,0.0,,Capacitor,moncapacitor-cap2,1.0,
207,0.0,,Capacitor,moncapacitor-cap2,1.0,
208,0.0,,Capacitor,moncapacitor-cap2,1.0,
209,0.0,,Capacitor,moncapacitor-cap2,1.0,
210,0.0,,Capacitor,moncapacitor-cap2,1.0,
211,0.0,,Capacitor,moncapacitor-cap2,1.0,
212,0.0,,Capacitor,moncapacitor-cap2,1.0,
213,0.0,,Capacitor,moncapacitor-cap2,1.0,
214,0.0,,Capacitor,moncapacitor-cap2,1.0,
215,0.0,,Capacitor,moncapacitor-cap2,1.0,
216,0.0,,Capacitor,moncapacitor-cap2,1.0,
217,0.0,,Capacitor,moncapacitor-cap2,1.0,
218,0.0,,Capacitor,moncapacitor-cap2,1.0,
219,0.0,,Capacitor,moncapacitor-cap2,1.0,
220,0.0,,Capacitor,moncapacitor-cap2,1.0,
221,0.0,,Capacitor,moncapacitor-cap2,1.0,
222,0.0,,Capacitor,moncapacitor-cap2,1.0,
223,0.0,,Capacitor,moncapacitor-cap2,1.0,
224,0.0,,Capacitor,moncapacitor-cap2,1.0,
225,0.0,,Capacitor,moncapacitor-cap2,1.0,
226,0.0,,Capacitor,moncapacitor-cap2,1.0,
227,0.0,,Capacitor,moncapacitor-cap2,1.0,
228,0.0,,Capacitor,moncapacitor-cap2,1.0,
229,0.0,,Capacitor,moncapacitor-cap2,1.0,
230,0.0,,Capacitor,moncapacitor-cap2,1.0,
231,0.0,,Capacitor,moncapacitor-cap2,1.0,
232,0.0,,Capacitor,moncapacitor-cap2,1.0,
233,0.0,,Capacitor,moncapacitor-cap2,1.0,
234,0.0,,Capacitor,moncapacitor-cap2,1.0,
235,0.0,,Capacitor,moncapacitor-cap2,1.0,
236,0.0,,Capacitor,moncapacitor-cap2,1.0,
237,0.0,,Capacitor,moncapacitor-cap2,1.0,
238,0.0,,Capacitor,moncapacitor-cap2,1.0,
239,0.0,,Capacitor,moncapacitor-cap2,1.0,
240,0.0,,Capacitor,moncapacitor-cap2,1.0,
241,0.0,,Capacitor,moncapacitor-cap2,1.0,
242,0.0,,Capacitor,moncapacitor-cap2,1.0,
243,0.0,,Capacitor,moncapacitor-cap2,1.0,
244,0.0,,Capacitor,moncapacitor-cap2,1.0,
245,0.0,,Capacitor,moncapacitor-cap2,1.0,
246,0.0,,Capacitor,moncapacitor-cap2,1.0,
247,0.0,,Capacitor,moncapacitor-cap2,1.0,
248,0.0,,Capacitor,moncapacitor-cap2,1.0,
249,0.0,,Capacitor,moncapacitor-cap2,1.0,
250,0.0,,Capacitor,moncapacitor-cap2,1.0,
251,0.0,,Capacitor,moncapacitor-cap2,1.0,
252,0.0,,Capacitor,moncapacitor-cap2,1.0,
253,0.0,,Capacitor,moncapacitor-cap2,1.0,
254,0.0,,Capacitor,moncapacitor-cap2,1.0,
255,0.0,,Capacitor,moncapacitor-cap2,1.0,
256,0.0,,Capacitor,moncapacitor-cap2,1.0,
257,0.0,,Capacitor,moncapacitor-cap2,1.0,
258,0.0,,Capacitor,moncapacitor-cap2,1.0,
259,0.0,,Capacitor,moncapacitor-cap2,1.0,
260,0.0,,Capacitor,moncapacitor-cap2,1.0,
261,0.0,,Capacitor,moncapacitor-cap2,1.0,
262,0.0,,Capacitor,moncapacitor-cap2,1.0,
263,0.0,,Capacitor,moncapacitor-cap2,1.0,
264,0.0,,Capacitor,moncapacitor-cap2,1.0,
265,0.0,,Capacitor,moncapacitor-cap2,1.0,
266,0.0,,Capacitor,moncapacitor-cap2,1.0,
267,0.0,,Capacitor,moncapacitor-cap2,1.0,
268,0.0,,Capacitor,moncapacitor-cap2,1.0,
269,0.0,,Capacitor,moncapacitor-cap2,1.0,
270,0.0,,Capacitor,moncapacitor-cap2,1.0,
271,0.0,,Capacitor,moncapacitor-cap2,1.0,
272,0.0,,Capacitor,moncapacitor-cap2,1.0,
273,0.0,,Capacitor,moncapacitor-cap2,1.0,
274,0.0,,Capacitor,moncapacitor-cap2,1.0,
275,0.0,,Capacitor,moncapacitor-cap2,1.0,
276,0.0,,Capacitor,moncapacitor-cap2,1.0,
277,0.0,,Capacitor,moncapacitor-cap2,1.0,
278,0.0,,Capacitor,moncapacitor-cap2,1.0,
279,0.0,,Capacitor,moncapacitor-cap2,1.0,
280,0.0,,Capacitor,moncapacitor-cap2,1.0,
281,0.0,,Capacitor,moncapacitor-cap2,1.0,
282,0.0,,Capacitor,moncapacitor-cap2,1.0,
283,0.0,,Capacitor,moncapacitor-cap2,1.0,
284,0.0,,Capacitor,moncapacitor-cap2,1.0,
285,0.0,,Capacitor,moncapacitor-cap2,1.0,
286,0.0,,Capacitor,moncapacitor-cap2,1.0,
287,0.0,,Capacitor,moncapacitor-cap2,1.0,
288,0.0,,Capacitor,moncapacitor-cap2,1.0,
289,0.0,,Capacitor,moncapacitor-cap2,1.0,
290,0.0,,Capacitor,moncapacitor-cap2,1.0,
291,0.0,,Capacitor,moncapacitor-cap2,1.0,
292,0.0,,Capacitor,moncapacitor-cap2,1.0,
293,0.0,,Capacitor,moncapacitor-cap2,1.0,
294,0.0,,Capacitor,moncapacitor-cap2,1.0,
295,0.0,,Capacitor,moncapacitor-cap2,1.0,
296,0.0,,Capacitor,moncapacitor-cap2,1.0,
297,0.0,,Capacitor,moncapacitor-cap2,1.0,
298,0.0,,Capacitor,moncapacitor-cap2,1.0,
299,0.0,,Capacitor,moncapacitor-cap2,1.0,
300,0.0,,Capacitor,moncapacitor-cap2,1.0,
1,0.0,1.00625,Transformer,monregcontrol-reg1,,
2,0.0,1.00625,Transformer,monregcontrol-reg1,,
3,0.0,1.00625,Transformer,monregcontrol-reg1,,
4,0.0,1.00625,Transformer,monregcontrol-reg1,,
5,0.0,1.00625,Transformer,monregcontrol-reg1,,
6,0.0,1.00625,Transformer,monregcontrol-reg1,,
7,0.0,1.00625,Transformer,monregcontrol-reg1,,
8,0.0,1.00625,Transformer,monregcontrol-reg1,,
9,0.0,1.00625,Transformer,monregcontrol-reg1,,
10,0.0,1.00625,Transformer,monregcontrol-reg1,,
11,0.0,1.00625,Transformer,monregcontrol-reg1,,
12,0.0,1.00625,Transformer,monregcontrol-reg1,,
13,0.0,1.00625,Transformer,monregcontrol-reg1,,
14,0.0,1.00625,Transformer,monregcontrol-reg1,,
15,0.0,1.00625,Transformer,monregcontrol-reg1,,
16,0.0,1.00625,Transformer,monregcontrol-reg1,,
17,0.0,1.00625,Transformer,monregcontrol-reg1,,
18,0.0,1.00625,Transformer,monregcontrol-reg1,,
19,0.0,1.00625,Transformer,monregcontrol-reg1,,
20,0.0,1.00625,Transformer,monregcontrol-reg1,,
21,0.0,1.00625,Transformer,monregcontrol-reg1,,
22,0.0,1.00625,Transformer,monregcontrol-reg1,,
23,0.0,1.00625,Transformer,monregcontrol-reg1,,
24,0.0,1.00625,Transformer,monregcontrol-reg1,,
25,0.0,1.00625,Transformer,monregcontrol-reg1,,
26,0.0,1.00625,Transformer,monregcontrol-reg1,,
27,0.0,1.00625,Transformer,monregcontrol-reg1,,
28,0.0,1.00625,Transformer,monregcontrol-reg1,,
29,0.0,1.00625,Transformer,monregcontrol-reg1,,
30,0.0,1.00625,Transformer,monregcontrol-reg1,,
31,0.0,1.00625,Transformer,monregcontrol-reg1,,
32,0.0,1.00625,Transformer,monregcontrol-reg1,,
33,0.0,1.00625,Transformer,monregcontrol-reg1,,
34,0.0,1.00625,Transformer,monregcontrol-reg1,,
35,0.0,1.00625,Transformer,monregcontrol-reg1,,
36,0.0,1.00625,Transformer,monregcontrol-reg1,,
37,0.0,1.00625,Transformer,monregcontrol-reg1,,
38,0.0,1.00625,Transformer,monregcontrol-reg1,,
39,0.0,1.00625,Transformer,monregcontrol-reg1,,
40,0.0,1.00625,Transformer,monregcontrol-reg1,,
41,0.0,1.00625,Transformer,monregcontrol-reg1,,
42,0.0,1.00625,Transformer,monregcontrol-reg1,,
43,0.0,1.00625,Transformer,monregcontrol-reg1,,
44,0.0,1.00625,Transformer,monregcontrol-reg1,,
45,0.0,1.00625,Transformer,monregcontrol-reg1,,
46,0.0,1.00625,Transformer,monregcontrol-reg1,,
47,0.0,1.00625,Transformer,monregcontrol-reg1,,
48,0.0,1.00625,Transformer,monregcontrol-reg1,,
49,0.0,1.00625,Transformer,monregcontrol-reg1,,
50,0.0,1.00625,Transformer,monregcontrol-reg1,,
51,0.0,1.00625,Transformer,monregcontrol-reg1,,
52,0.0,1.00625,Transformer,monregcontrol-reg1,,
53,0.0,1.00625,Transformer,monregcontrol-reg1,,
54,0.0,1.00625,Transformer,monregcontrol-reg1,,
55,0.0,1.00625,Transformer,monregcontrol-reg1,,
56,0.0,1.00625,Transformer,monregcontrol-reg1,,
57,0.0,1.00625,Transformer,monregcontrol-reg1,,
58,0.0,1.00625,Transformer,monregcontrol-reg1,,
59,0.0,1.00625,Transformer,monregcontrol-reg1,,
60,0.0,1.00625,Transformer,monregcontrol-reg1,,
61,0.0,1.00625,Transformer,monregcontrol-reg1,,
62,0.0,1.00625,Transformer,monregcontrol-reg1,,
63,0.0,1.00625,Transformer,monregcontrol-reg1,,
64,0.0,1.00625,Transformer,monregcontrol-reg1,,
65,0.0,1.00625,Transformer,monregcontrol-reg1,,
66,0.0,1.00625,Transformer,monregcontrol-reg1,,
67,0.0,1.00625,Transformer,monregcontrol-reg1,,
68,0.0,1.00625,Transformer,monregcontrol-reg1,,
69,0.0,1.00625,Transformer,monregcontrol-reg1,,
70,0.0,1.00625,Transformer,monregcontrol-reg1,,
71,0.0,1.00625,Transformer,monregcontrol-reg1,,
72,0.0,1.00625,Transformer,monregcontrol-reg1,,
73,0.0,1.00625,Transformer,monregcontrol-reg1,,
74,0.0,1.00625,Transformer,monregcontrol-reg1,,
75,0.0,1.00625,Transformer,monregcontrol-reg1,,
76,0.0,1.00625,Transformer,monregcontrol-reg1,,
77,0.0,1.00625,Transformer,monregcontrol-reg1,,
78,0.0,1.00625,Transformer,monregcontrol-reg1,,
79,0.0,1.00625,Transformer,monregcontrol-reg1,,
80,0.0,1.00625,Transformer,monregcontrol-reg1,,
81,0.0,1.00625,Transformer,monregcontrol-reg1,,
82,0.0,1.00625,Transformer,monregcontrol-reg1,,
83,0.0,1.00625,Transformer,monregcontrol-reg1,,
84,0.0,1.00625,Transformer,monregcontrol-reg1,,
85,0.0,1.00625,Transformer,monregcontrol-reg1,,
86,0.0,1.00625,Transformer,monregcontrol-reg1,,
87,0.0,1.00625,Transformer,monregcontrol-reg1,,
88,0.0,1.00625,Transformer,monregcontrol-reg1,,
89,0.0,1.00625,Transformer,monregcontrol-reg1,,
90,0.0,1.00625,Transformer,monregcontrol-reg1,,
91,0.0,1.00625,Transformer,monregcontrol-reg1,,
92,0.0,1.00625,Transformer,monregcontrol-reg1,,
93,0.0,1.00625,Transformer,monregcontrol-reg1,,
94,0.0,1.00625,Transformer,monregcontrol-reg1,,
95,0.0,1.00625,Transformer,monregcontrol-reg1,,
96,0.0,1.00625,Transformer,monregcontrol-reg1,,
97,0.0,1.00625,Transformer,monregcontrol-reg1,,
98,0.0,1.00625,Transformer,monregcontrol-reg1,,
99,0.0,1.00625,Transformer,monregcontrol-reg1,,
100,0.0,1.00625,Transformer,monregcontrol-reg1,,
101,0.0,1.00625,Transformer,monregcontrol-reg1,,
102,0.0,1.00625,Transformer,monregcontrol-reg1,,
103,0.0,1.00625,Transformer,monregcontrol-reg1,,
104,0.0,1.00625,Transformer,monregcontrol-reg1,,
105,0.0,1.00625,Transformer,monregcontrol-reg1,,
106,0.0,1.00625,Transformer,monregcontrol-reg1,,
107,0.0,1.00625,Transformer,monregcontrol-reg1,,
108,0.0,1.00625,Transformer,monregcontrol-reg1,,
109,0.0,1.00625,Transformer,monregcontrol-reg1,,
110,0.0,1.00625,Transformer,monregcontrol-reg1,,
111,0.0,1.00625,Transformer,monregcontrol-reg1,,
112,0.0,1.00625,Transformer,monregcontrol-reg1,,
113,0.0,1.00625,Transformer,monregcontrol-reg1,,
114,0.0,1.00625,Transformer,monregcontrol-reg1,,
115,0.0,1.00625,Transformer,monregcontrol-reg1,,
116,0.0,1.00625,Transformer,monregcontrol-reg1,,
117,0.0,1.00625,Transformer,monregcontrol-reg1,,
118,0.0,1.00625,Transformer,monregcontrol-reg1,,
119,0.0,1.00625,Transformer,monregcontrol-reg1,,
120,0.0,1.00625,Transformer,monregcontrol-reg1,,
121,0.0,1.00625,Transformer,monregcontrol-reg1,,
122,0.0,1.00625,Transformer,monregcontrol-reg1,,
123,0.0,1.00625,Transformer,monregcontrol-reg1,,
124,0.0,1.00625,Transformer,monregcontrol-reg1,,
125,0.0,1.00625,Transformer,monregcontrol-reg1,,
126,0.0,1.00625,Transformer,monregcontrol-reg1,,
127,0.0,1.00625,Transformer,monregcontrol-reg1,,
128,0.0,1.00625,Transformer,monregcontrol-reg1,,
129,0.0,1.00625,Transformer,monregcontrol-reg1,,
130,0.0,1.00625,Transformer,monregcontrol-reg1,,
131,0.0,1.00625,Transformer,monregcontrol-reg1,,
132,0.0,1.00625,Transformer,monregcontrol-reg1,,
133,0.0,1.00625,Transformer,monregcontrol-reg1,,
134,0.0,1.00625,Transformer,monregcontrol-reg1,,
135,0.0,1.00625,Transformer,monregcontrol-reg1,,
136,0.0,1.00625,Transformer,monregcontrol-reg1,,
137,0.0,1.00625,Transformer,monregcontrol-reg1,,
138,0.0,1.00625,Transformer,monregcontrol-reg1,,
139,0.0,1.00625,Transformer,monregcontrol-reg1,,
140,0.0,1.00625,Transformer,monregcontrol-reg1,,
141,0.0,1.00625,Transformer,monregcontrol-reg1,,
142,0.0,1.00625,Transformer,monregcontrol-reg1,,
143,0.0,1.00625,Transformer,monregcontrol-reg1,,
144,0.0,1.00625,Transformer,monregcontrol-reg1,,
145,0.0,1.00625,Transformer,monregcontrol-reg1,,
146,0.0,1.00625,Transformer,monregcontrol-reg1,,
147,0.0,1.00625,Transformer,monregcontrol-reg1,,
148,0.0,1.00625,Transformer,monregcontrol-reg1,,
149,0.0,1.00625,Transformer,monregcontrol-reg1,,
150,0.0,1.00625,Transformer,monregcontrol-reg1,,
151,0.0,1.00625,Transformer,monregcontrol-reg1,,
152,0.0,1.00625,Transformer,monregcontrol-reg1,,
153,0.0,1.00625,Transformer,monregcontrol-reg1,,
154,0.0,1.00625,Transformer,monregcontrol-reg1,,
155,0.0,1.00625,Transformer,monregcontrol-reg1,,
156,0.0,1.00625,Transformer,monregcontrol-reg1,,
157,0.0,1.00625,Transformer,monregcontrol-reg1,,
158,0.0,1.00625,Transformer,monregcontrol-reg1,,
159,0.0,1.00625,Transformer,monregcontrol-reg1,,
160,0.0,1.00625,Transformer,monregcontrol-reg1,,
161,0.0,1.00625,Transformer,monregcontrol-reg1,,
162,0.0,1.00625,Transformer,monregcontrol-reg1,,
163,0.0,1.00625,Transformer,monregcontrol-reg1,,
164,0.0,1.00625,Transformer,monregcontrol-reg1,,
165,0.0,1.00625,Transformer,monregcontrol-reg1,,
166,0.0,1.00625,Transformer,monregcontrol-reg1,,
167,0.0,1.00625,Transformer,monregcontrol-reg1,,
168,0.0,1.00625,Transformer,monregcontrol-reg1,,
169,0.0,1.00625,Transformer,monregcontrol-reg1,,
170,0.0,1.00625,Transformer,monregcontrol-reg1,,
171,0.0,1.00625,Transformer,monregcontrol-reg1,,
172,0.0,1.00625,Transformer,monregcontrol-reg1,,
173,0.0,1.00625,Transformer,monregcontrol-reg1,,
174,0.0,1.00625,Transformer,monregcontrol-reg1,,
175,0.0,1.00625,Transformer,monregcontrol-reg1,,
176,0.0,1.00625,Transformer,monregcontrol-reg1,,
177,0.0,1.00625,Transformer,monregcontrol-reg1,,
178,0.0,1.00625,Transformer,monregcontrol-reg1,,
179,0.0,1.00625,Transformer,monregcontrol-reg1,,
180,0.0,1.00625,Transformer,monregcontrol-reg1,,
181,0.0,1.00625,Transformer,monregcontrol-reg1,,
182,0.0,1.0,Transformer,monregcontrol-reg1,,
183,0.0,1.0,Transformer,monregcontrol-reg1,,
184,0.0,1.0,Transformer,monregcontrol-reg1,,
185,0.0,1.0,Transformer,monregcontrol-reg1,,
186,0.0,1.0,Transformer,monregcontrol-reg1,,
187,0.0,1.0,Transformer,monregcontrol-reg1,,
188,0.0,1.0,Transformer,monregcontrol-reg1,,
189,0.0,1.0,Transformer,monregcontrol-reg1,,
190,0.0,1.0,Transformer,monregcontrol-reg1,,
191,0.0,1.0,Transformer,monregcontrol-reg1,,
192,0.0,1.0,Transformer,monregcontrol-reg1,,
193,0.0,1.0,Transformer,monregcontrol-reg1,,
194,0.0,1.0,Transformer,monregcontrol-reg1,,
195,0.0,1.0,Transformer,monregcontrol-reg1,,
196,0.0,1.0,Transformer,monregcontrol-reg1,,
197,0.0,1.0,Transformer,monregcontrol-reg1,,
198,0.0,1.0,Transformer,monregcontrol-reg1,,
199,0.0,1.0,Transformer,monregcontrol-reg1,,
200,0.0,1.0,Transformer,monregcontrol-reg1,,
201,0.0,1.0,Transformer,monregcontrol-reg1,,
202,0.0,1.0,Transformer,monregcontrol-reg1,,
203,0.0,1.0,Transformer,monregcontrol-reg1,,
204,0.0,1.0,Transformer,monregcontrol-reg1,,
205,0.0,1.0,Transformer,monregcontrol-reg1,,
206,0.0,1.0,Transformer,monregcontrol-reg1,,
207,0.0,1.0,Transformer,monregcontrol-reg1,,
208,0.0,1.0,Transformer,monregcontrol-reg1,,
209,0.0,1.0,Transformer,monregcontrol-reg1,,
210,0.0,1.0,Transformer,monregcontrol-reg1,,
211,0.0,1.0,Transformer,monregcontrol-reg1,,
212,0.0,1.0,Transformer,monregcontrol-reg1,,
213,0.0,1.0,Transformer,monregcontrol-reg1,,
214,0.0,1.0,Transformer,monregcontrol-reg1,,
215,0.0,1.0,Transformer,monregcontrol-reg1,,
216,0.0,1.0,Transformer,monregcontrol-reg1,,
217,0.0,1.0,Transformer,monregcontrol-reg1,,
218,0.0,1.0,Transformer,monregcontrol-reg1,,
219,0.0,1.0,Transformer,monregcontrol-reg1,,
220,0.0,1.0,Transformer,monregcontrol-reg1,,
221,0.0,1.0,Transformer,monregcontrol-reg1,,
222,0.0,1.0,Transformer,monregcontrol-reg1,,
223,0.0,1.0,Transformer,monregcontrol-reg1,,
224,0.0,1.0,Transformer,monregcontrol-reg1,,
225,0.0,1.0,Transformer,monregcontrol-reg1,,
226,0.0,1.0,Transformer,monregcontrol-reg1,,
227,0.0,1.0,Transformer,monregcontrol-reg1,,
228,0.0,1.0,Transformer,monregcontrol-reg1,,
229,0.0,1.0,Transformer,monregcontrol-reg1,,
230,0.0,1.0,Transformer,monregcontrol-reg1,,
231,0.0,1.0,Transformer,monregcontrol-reg1,,
232,0.0,1.0,Transformer,monregcontrol-reg1,,
233,0.0,1.0,Transformer,monregcontrol-reg1,,
234,0.0,1.0,Transformer,monregcontrol-reg1,,
235,0.0,1.0,Transformer,monregcontrol-reg1,,
236,0.0,1.0,Transformer,monregcontrol-reg1,,
237,0.0,1.0,Transformer,monregcontrol-reg1,,
238,0.0,1.0,Transformer,monregcontrol-reg1,,
239,0.0,1.0,Transformer,monregcontrol-reg1,,
240,0.0,1.0,Transformer,monregcontrol-reg1,,
241,0.0,1.0,Transformer,monregcontrol-reg1,,
242,0.0,1.0,Transformer,monregcontrol-reg1,,
243,0.0,1.0,Transformer,monregcontrol-reg1,,
244,0.0,1.0,Transformer,monregcontrol-reg1,,
245,0.0,1.0,Transformer,monregcontrol-reg1,,
246,0.0,1.0,Transformer,monregcontrol-reg1,,
247,0.0,1.0,Transformer,monregcontrol-reg1,,
248,0.0,1.0,Transformer,monregcontrol-reg1,,
249,0.0,1.0,Transformer,monregcontrol-reg1,,
250,0.0,1.0,Transformer,monregcontrol-reg1,,
251,0.0,1.0,Transformer,monregcontrol-reg1,,
252,0.0,1.0,Transformer,monregcontrol-reg1,,
253,0.0,1.0,Transformer,monregcontrol-reg1,,
254,0.0,1.0,Transformer,monregcontrol-reg1,,
255,0.0,1.0,Transformer,monregcontrol-reg1,,
256,0.0,1.0,Transformer,monregcontrol-reg1,,
257,0.0,1.0,Transformer,monregcontrol-reg1,,
258,0.0,1.0,Transformer,monregcontrol-reg1,,
259,0.0,1.0,Transformer,monregcontrol-reg1,,
260,0.0,1.0,Transformer,monregcontrol-reg1,,
261,0.0,1.0,Transformer,monregcontrol-reg1,,
262,0.0,1.0,Transformer,monregcontrol-reg1,,
263,0.0,1.0,Transformer,monregcontrol-reg1,,
264,0.0,1.0,Transformer,monregcontrol-reg1,,
265,0.0,1.0,Transformer,monregcontrol-reg1,,
266,0.0,1.0,Transformer,monregcontrol-reg1,,
267,0.0,1.0,Transformer,monregcontrol-reg1,,
268,0.0,1.0,Transformer,monregcontrol-reg1,,
269,0.0,1.0,Transformer,monregcontrol-reg1,,
270,0.0,1.0,Transformer,monregcontrol-reg1,,
271,0.0,1.0,Transformer,monregcontrol-reg1,,
272,0.0,1.0,Transformer,monregcontrol-reg1,,
273,0.0,1.0,Transformer,monregcontrol-reg1,,
274,0.0,1.0,Transformer,monregcontrol-reg1,,
275,0.0,1.0,Transformer,monregcontrol-reg1,,
276,0.0,1.0,Transformer,monregcontrol-reg1,,
277,0.0,1.0,Transformer,monregcontrol-reg1,,
278,0.0,1.0,Transformer,monregcontrol-reg1,,
279,0.0,1.0,Transformer,monregcontrol-reg1,,
280,0.0,1.0,Transformer,monregcontrol-reg1,,
281,0.0,1.0,Transformer,monregcontrol-reg1,,
282,0.0,1.0,Transformer,monregcontrol-reg1,,
283,0.0,1.0,Transformer,monregcontrol-reg1,,
284,0.0,1.0,Transformer,monregcontrol-reg1,,
285,0.0,1.0,Transformer,monregcontrol-reg1,,
286,0.0,1.0,Transformer,monregcontrol-reg1,,
287,0.0,1.0,Transformer,monregcontrol-reg1,,
288,0.0,1.0,Transformer,monregcontrol-reg1,,
289,0.0,1.0,Transformer,monregcontrol-reg1,,
290,0.0,1.0,Transformer,monregcontrol-reg1,,
291,0.0,1.0,Transformer,monregcontrol-reg1,,
292,0.0,1.0,Transformer,monregcontrol-reg1,,
293,0.0,1.0,Transformer,monregcontrol-reg1,,
294,0.0,1.0,Transformer,monregcontrol-reg1,,
295,0.0,1.0,Transformer,monregcontrol-reg1,,
296,0.0,1.0,Transformer,monregcontrol-reg1,,
297,0.0,1.0,Transformer,monregcontrol-reg1,,
298,0.0,1.0,Transformer,monregcontrol-reg1,,
299,0.0,1.0,Transformer,monregcontrol-reg1,,
300,0.0,1.0,Transformer,monregcontrol-reg1,,
1,0.0,1.00625,Transformer,monregcontrol-reg2,,
2,0.0,1.00625,Transformer,monregcontrol-reg2,,
3,0.0,1.00625,Transformer,monregcontrol-reg2,,
4,0.0,1.00625,Transformer,monregcontrol-reg2,,
5,0.0,1.00625,Transformer,monregcontrol-reg2,,
6,0.0,1.00625,Transformer,monregcontrol-reg2,,
7,0.0,1.00625,Transformer,monregcontrol-reg2,,
8,0.0,1.00625,Transformer,monregcontrol-reg2,,
9,0.0,1.00625,Transformer,monregcontrol-reg2,,
10,0.0,1.00625,Transformer,monregcontrol-reg2,,
11,0.0,1.00625,Transformer,monregcontrol-reg2,,
12,0.0,1.0,Transformer,monregcontrol-reg2,,
13,0.0,1.0,Transformer,monregcontrol-reg2,,
14,0.0,1.0,Transformer,monregcontrol-reg2,,
15,0.0,1.0,Transformer,monregcontrol-reg2,,
16,0.0,1.0,Transformer,monregcontrol-reg2,,
17,0.0,1.0,Transformer,monregcontrol-reg2,,
18,0.0,1.0,Transformer,monregcontrol-reg2,,
19,0.0,1.0,Transformer,monregcontrol-reg2,,
20,0.0,1.0,Transformer,monregcontrol-reg2,,
21,0.0,1.0,Transformer,monregcontrol-reg2,,
22,0.0,1.0,Transformer,monregcontrol-reg2,,
23,0.0,1.0,Transformer,monregcontrol-reg2,,
24,0.0,1.0,Transformer,monregcontrol-reg2,,
25,0.0,1.0,Transformer,monregcontrol-reg2,,
26,0.0,1.0,Transformer,monregcontrol-reg2,,
27,0.0,1.0,Transformer,monregcontrol-reg2,,
28,0.0,1.0,Transformer,monregcontrol-reg2,,
29,0.0,1.0,Transformer,monregcontrol-reg2,,
30,0.0,1.0,Transformer,monregcontrol-reg2,,
31,0.0,1.0,Transformer,monregcontrol-reg2,,
32,0.0,1.0,Transformer,monregcontrol-reg2,,
33,0.0,1.0,Transformer,monregcontrol-reg2,,
34,0.0,1.0,Transformer,monregcontrol-reg2,,
35,0.0,1.0,Transformer,monregcontrol-reg2,,
36,0.0,1.0,Transformer,monregcontrol-reg2,,
37,0.0,1.0,Transformer,monregcontrol-reg2,,
38,0.0,1.0,Transformer,monregcontrol-reg2,,
39,0.0,1.0,Transformer,monregcontrol-reg2,,
40,0.0,1.0,Transformer,monregcontrol-reg2,,
41,0.0,1.0,Transformer,monregcontrol-reg2,,
42,0.0,1.0,Transformer,monregcontrol-reg2,,
43,0.0,1.0,Transformer,monregcontrol-reg2,,
44,0.0,1.0,Transformer,monregcontrol-reg2,,
45,0.0,1.0,Transformer,monregcontrol-reg2,,
46,0.0,1.0,Transformer,monregcontrol-reg2,,
47,0.0,1.0,Transformer,monregcontrol-reg2,,
48,0.0,1.0,Transformer,monregcontrol-reg2,,
49,0.0,1.0,Transformer,monregcontrol-reg2,,
50,0.0,1.0,Transformer,monregcontrol-reg2,,
51,0.0,1.0,Transformer,monregcontrol-reg2,,
52,0.0,1.0,Transformer,monregcontrol-reg2,,
53,0.0,1.0,Transformer,monregcontrol-reg2,,
54,0.0,1.0,Transformer,monregcontrol-reg2,,
55,0.0,1.0,Transformer,monregcontrol-reg2,,
56,0.0,1.0,Transformer,monregcontrol-reg2,,
57,0.0,1.0,Transformer,monregcontrol-reg2,,
58,0.0,1.0,Transformer,monregcontrol-reg2,,
59,0.0,1.0,Transformer,monregcontrol-reg2,,
60,0.0,1.0,Transformer,monregcontrol-reg2,,
61,0.0,1.0,Transformer,monregcontrol-reg2,,
62,0.0,1.0,Transformer,monregcontrol-reg2,,
63,0.0,1.0,Transformer,monregcontrol-reg2,,
64,0.0,1.0,Transformer,monregcontrol-reg2,,
65,0.0,1.0,Transformer,monregcontrol-reg2,,
66,0.0,1.0,Transformer,monregcontrol-reg2,,
67,0.0,1.0,Transformer,monregcontrol-reg2,,
68,0.0,1.0,Transformer,monregcontrol-reg2,,
69,0.0,1.0,Transformer,monregcontrol-reg2,,
70,0.0,1.0,Transformer,monregcontrol-reg2,,
71,0.0,1.0,Transformer,monregcontrol-reg2,,
72,0.0,1.0,Transformer,monregcontrol-reg2,,
73,0.0,1.0,Transformer,monregcontrol-reg2,,
74,0.0,1.0,Transformer,monregcontrol-reg2,,
75,0.0,1.0,Transformer,monregcontrol-reg2,,
76,0.0,1.0,Transformer,monregcontrol-reg2,,
77,0.0,1.0,Transformer,monregcontrol-reg2,,
78,0.0,1.0,Transformer,monregcontrol-reg2,,
79,0.0,1.0,Transformer,monregcontrol-reg2,,
80,0.0,1.0,Transformer,monregcontrol-reg2,,
81,0.0,1.0,Transformer,monregcontrol-reg2,,
82,0.0,1.0,Transformer,monregcontrol-reg2,,
83,0.0,1.0,Transformer,monregcontrol-reg2,,
84,0.0,1.0,Transformer,monregcontrol-reg2,,
85,0.0,1.0,Transformer,monregcontrol-reg2,,
86,0.0,1.0,Transformer,monregcontrol-reg2,,
87,0.0,1.0,Transformer,monregcontrol-reg2,,
88,0.0,1.0,Transformer,monregcontrol-reg2,,
89,0.0,1.0,Transformer,monregcontrol-reg2,,
90,0.0,1.0,Transformer,monregcontrol-reg2,,
91,0.0,1.0,Transformer,monregcontrol-reg2,,
92,0.0,1.0,Transformer,monregcontrol-reg2,,
93,0.0,1.0,Transformer,monregcontrol-reg2,,
94,0.0,1.0,Transformer,monregcontrol-reg2,,
95,0.0,1.0,Transformer,monregcontrol-reg2,,
96,0.0,1.0,Transformer,monregcontrol-reg2,,
97,0.0,1.0,Transformer,monregcontrol-reg2,,
98,0.0,1.0,Transformer,monregcontrol-reg2,,
99,0.0,1.0,Transformer,monregcontrol-reg2,,
100,0.0,1.0,Transformer,monregcontrol-reg2,,
101,0.0,1.0,Transformer,monregcontrol-reg2,,
102,0.0,1.0,Transformer,monregcontrol-reg2,,
103,0.0,1.0,Transformer,monregcontrol-reg2,,
104,0.0,1.0,Transformer,monregcontrol-reg2,,
105,0.0,1.0,Transformer,monregcontrol-reg2,,
106,0.0,1.0,Transformer,monregcontrol-reg2,,
107,0.0,1.0,Transformer,monregcontrol-reg2,,
108,0.0,1.0,Transformer,monregcontrol-reg2,,
109,0.0,1.0,Transformer,monregcontrol-reg2,,
110,0.0,1.0,Transformer,monregcontrol-reg2,,
111,0.0,1.0,Transformer,monregcontrol-reg2,,
112,0.0,1.0,Transformer,monregcontrol-reg2,,
113,0.0,1.0,Transformer,monregcontrol-reg2,,
114,0.0,1.0,Transformer,monregcontrol-reg2,,
115,0.0,1.0,Transformer,monregcontrol-reg2,,
116,0.0,1.0,Transformer,monregcontrol-reg2,,
117,0.0,1.0,Transformer,monregcontrol-reg2,,
118,0.0,1.0,Transformer,monregcontrol-reg2,,
119,0.0,1.0,Transformer,monregcontrol-reg2,,
120,0.0,1.0,Transformer,monregcontrol-reg2,,
121,0.0,1.0,Transformer,monregcontrol-reg2,,
122,0.0,1.0,Transformer,monregcontrol-reg2,,
123,0.0,1.0,Transformer,monregcontrol-reg2,,
124,0.0,1.0,Transformer,monregcontrol-reg2,,
125,0.0,1.0,Transformer,monregcontrol-reg2,,
126,0.0,1.0,Transformer,monregcontrol-reg2,,
127,0.0,1.0,Transformer,monregcontrol-reg2,,
128,0.0,1.0,Transformer,monregcontrol-reg2,,
129,0.0,1.0,Transformer,monregcontrol-reg2,,
130,0.0,1.0,Transformer,monregcontrol-reg2,,
131,0.0,1.0,Transformer,monregcontrol-reg2,,
132,0.0,1.0,Transformer,monregcontrol-reg2,,
133,0.0,1.0,Transformer,monregcontrol-reg2,,
134,0.0,1.0,Transformer,monregcontrol-reg2,,
135,0.0,1.0,Transformer,monregcontrol-reg2,,
136,0.0,1.0,Transformer,monregcontrol-reg2,,
137,0.0,1.0,Transformer,monregcontrol-reg2,,
138,0.0,1.0,Transformer,monregcontrol-reg2,,
139,0.0,1.0,Transformer,monregcontrol-reg2,,
140,0.0,1.0,Transformer,monregcontrol-reg2,,
141,0.0,1.0,Transformer,monregcontrol-reg2,,
142,0.0,1.0,Transformer,monregcontrol-reg2,,
143,0.0,1.0,Transformer,monregcontrol-reg2,,
144,0.0,1.0,Transformer,monregcontrol-reg2,,
145,0.0,1.0,Transformer,monregcontrol-reg2,,
146,0.0,1.0,Transformer,monregcontrol-reg2,,
147,0.0,1.0,Transformer,monregcontrol-reg2,,
148,0.0,1.0,Transformer,monregcontrol-reg2,,
149,0.0,1.0,Transformer,monregcontrol-reg2,,
150,0.0,1.0,Transformer,monregcontrol-reg2,,
151,0.0,1.0,Transformer,monregcontrol-reg2,,
152,0.0,1.0,Transformer,monregcontrol-reg2,,
153,0.0,1.0,Transformer,monregcontrol-reg2,,
154,0.0,1.0,Transformer,monregcontrol-reg2,,
155,0.0,1.0,Transformer,monregcontrol-reg2,,
156,0.0,1.0,Transformer,monregcontrol-reg2,,
157,0.0,1.0,Transformer,monregcontrol-reg2,,
158,0.0,1.0,Transformer,monregcontrol-reg2,,
159,0.0,1.0,Transformer,monregcontrol-reg2,,
160,0.0,1.0,Transformer,monregcontrol-reg2,,
161,0.0,1.0,Transformer,monregcontrol-reg2,,
162,0.0,1.0,Transformer,monregcontrol-reg2,,
163,0.0,1.0,Transformer,monregcontrol-reg2,,
164,0.0,1.0,Transformer,monregcontrol-reg2,,
165,0.0,1.0,Transformer,monregcontrol-reg2,,
166,0.0,1.0,Transformer,monregcontrol-reg2,,
167,0.0,1.0,Transformer,monregcontrol-reg2,,
168,0.0,1.0,Transformer,monregcontrol-reg2,,
169,0.0,1.0,Transformer,monregcontrol-reg2,,
170,0.0,1.0,Transformer,monregcontrol-reg2,,
171,0.0,1.0,Transformer,monregcontrol-reg2,,
172,0.0,1.0,Transformer,monregcontrol-reg2,,
173,0.0,1.0,Transformer,monregcontrol-reg2,,
174,0.0,1.0,Transformer,monregcontrol-reg2,,
175,0.0,1.0,Transformer,monregcontrol-reg2,,
176,0.0,1.0,Transformer,monregcontrol-reg2,,
177,0.0,1.0,Transformer,monregcontrol-reg2,,
178,0.0,1.0,Transformer,monregcontrol-reg2,,
179,0.0,1.0,Transformer,monregcontrol-reg2,,
180,0.0,1.0,Transformer,monregcontrol-reg2,,
181,0.0,1.0,Transformer,monregcontrol-reg2,,
182,0.0,1.0,Transformer,monregcontrol-reg2,,
183,0.0,1.0,Transformer,monregcontrol-reg2,,
184,0.0,1.0,Transformer,monregcontrol-reg2,,
185,0.0,1.0,Transformer,monregcontrol-reg2,,
186,0.0,1.0,Transformer,monregcontrol-reg2,,
187,0.0,1.0,Transformer,monregcontrol-reg2,,
188,0.0,1.0,Transformer,monregcontrol-reg2,,
189,0.0,1.0,Transformer,monregcontrol-reg2,,
190,0.0,1.0,Transformer,monregcontrol-reg2,,
191,0.0,1.0,Transformer,monregcontrol-reg2,,
192,0.0,1.0,Transformer,monregcontrol-reg2,,
193,0.0,1.0,Transformer,monregcontrol-reg2,,
194,0.0,1.0,Transformer,monregcontrol-reg2,,
195,0.0,1.0,Transformer,monregcontrol-reg2,,
196,0.0,1.0,Transformer,monregcontrol-reg2,,
197,0.0,1.0,Transformer,monregcontrol-reg2,,
198,0.0,1.0,Transformer,monregcontrol-reg2,,
199,0.0,1.0,Transformer,monregcontrol-reg2,,
200,0.0,1.0,Transformer,monregcontrol-reg2,,
201,0.0,1.0,Transformer,monregcontrol-reg2,,
202,0.0,1.0,Transformer,monregcontrol-reg2,,
203,0.0,1.0,Transformer,monregcontrol-reg2,,
204,0.0,1.0,Transformer,monregcontrol-reg2,,
205,0.0,1.0,Transformer,monregcontrol-reg2,,
206,0.0,1.0,Transformer,monregcontrol-reg2,,
207,0.0,1.0,Transformer,monregcontrol-reg2,,
208,0.0,1.0,Transformer,monregcontrol-reg2,,
209,0.0,1.0,Transformer,monregcontrol-reg2,,
210,0.0,1.0,Transformer,monregcontrol-reg2,,
211,0.0,1.0,Transformer,monregcontrol-reg2,,
212,0.0,1.0,Transformer,monregcontrol-reg2,,
213,0.0,1.0,Transformer,monregcontrol-reg2,,
214,0.0,1.0,Transformer,monregcontrol-reg2,,
215,0.0,1.0,Transformer,monregcontrol-reg2,,
216,0.0,1.0,Transformer,monregcontrol-reg2,,
217,0.0,1.0,Transformer,monregcontrol-reg2,,
218,0.0,1.0,Transformer,monregcontrol-reg2,,
219,0.0,1.0,Transformer,monregcontrol-reg2,,
220,0.0,1.0,Transformer,monregcontrol-reg2,,
221,0.0,1.0,Transformer,monregcontrol-reg2,,
222,0.0,1.0,Transformer,monregcontrol-reg2,,
223,0.0,1.0,Transformer,monregcontrol-reg2,,
224,0.0,1.0,Transformer,monregcontrol-reg2,,
225,0.0,1.0,Transformer,monregcontrol-reg2,,
226,0.0,1.0,Transformer,monregcontrol-reg2,,
227,0.0,1.0,Transformer,monregcontrol-reg2,,
228,0.0,1.0,Transformer,monregcontrol-reg2,,
229,0.0,1.0,Transformer,monregcontrol-reg2,,
230,0.0,1.0,Transformer,monregcontrol-reg2,,
231,0.0,1.0,Transformer,monregcontrol-reg2,,
232,0.0,1.0,Transformer,monregcontrol-reg2,,
233,0.0,1.0,Transformer,monregcontrol-reg2,,
234,0.0,1.0,Transformer,monregcontrol-reg2,,
235,0.0,1.0,Transformer,monregcontrol-reg2,,
236,0.0,1.0,Transformer,monregcontrol-reg2,,
237,0.0,1.0,Transformer,monregcontrol-reg2,,
238,0.0,1.0,Transformer,monregcontrol-reg2,,
239,0.0,1.0,Transformer,monregcontrol-reg2,,
240,0.0,1.0,Transformer,monregcontrol-reg2,,
241,0.0,1.0,Transformer,monregcontrol-reg2,,
242,0.0,1.0,Transformer,monregcontrol-reg2,,
243,0.0,1.0,Transformer,monregcontrol-reg2,,
244,0.0,1.0,Transformer,monregcontrol-reg2,,
245,0.0,1.0,Transformer,monregcontrol-reg2,,
246,0.0,1.0,Transformer,monregcontrol-reg2,,
247,0.0,1.0,Transformer,monregcontrol-reg2,,
248,0.0,1.0,Transformer,monregcontrol-reg2,,
249,0.0,1.0,Transformer,monregcontrol-reg2,,
250,0.0,1.0,Transformer,monregcontrol-reg2,,
251,0.0,1.0,Transformer,monregcontrol-reg2,,
252,0.0,1.0,Transformer,monregcontrol-reg2,,
253,0.0,1.0,Transformer,monregcontrol-reg2,,
254,0.0,1.0,Transformer,monregcontrol-reg2,,
255,0.0,1.0,Transformer,monregcontrol-reg2,,
256,0.0,1.0,Transformer,monregcontrol-reg2,,
257,0.0,1.0,Transformer,monregcontrol-reg2,,
258,0.0,1.0,Transformer,monregcontrol-reg2,,
259,0.0,1.0,Transformer,monregcontrol-reg2,,
260,0.0,1.0,Transformer,monregcontrol-reg2,,
261,0.0,1.0,Transformer,monregcontrol-reg2,,
262,0.0,1.0,Transformer,monregcontrol-reg2,,
263,0.0,1.0,Transformer,monregcontrol-reg2,,
264,0.0,1.0,Transformer,monregcontrol-reg2,,
265,0.0,1.0,Transformer,monregcontrol-reg2,,
266,0.0,1.0,Transformer,monregcontrol-reg2,,
267,0.0,1.0,Transformer,monregcontrol-reg2,,
268,0.0,1.0,Transformer,monregcontrol-reg2,,
269,0.0,1.0,Transformer,monregcontrol-reg2,,
270,0.0,1.0,Transformer,monregcontrol-reg2,,
271,0.0,1.0,Transformer,monregcontrol-reg2,,
272,0.0,1.0,Transformer,monregcontrol-reg2,,
273,0.0,1.0,Transformer,monregcontrol-reg2,,
274,0.0,1.0,Transformer,monregcontrol-reg2,,
275,0.0,1.0,Transformer,monregcontrol-reg2,,
276,0.0,1.0,Transformer,monregcontrol-reg2,,
277,0.0,1.0,Transformer,monregcontrol-reg2,,
278,0.0,1.0,Transformer,monregcontrol-reg2,,
279,0.0,1.0,Transformer,monregcontrol-reg2,,
280,0.0,1.0,Transformer,monregcontrol-reg2,,
281,0.0,1.0,Transformer,monregcontrol-reg2,,
282,0.0,1.0,Transformer,monregcontrol-reg2,,
283,0.0,1.0,Transformer,monregcontrol-reg2,,
284,0.0,1.0,Transformer,monregcontrol-reg2,,
285,0.0,1.0,Transformer,monregcontrol-reg2,,
286,0.0,1.0,Transformer,monregcontrol-reg2,,
287,0.0,1.0,Transformer,monregcontrol-reg2,,
288,0.0,1.0,Transformer,monregcontrol-reg2,,
289,0.0,1.0,Transformer,monregcontrol-reg2,,
290,0.0,1.0,Transformer,monregcontrol-reg2,,
291,0.0,1.0,Transformer,monregcontrol-reg2,,
292,0.0,1.0,Transformer,monregcontrol-reg2,,
293,0.0,1.0,Transformer,monregcontrol-reg2,,
294,0.0,1.0,Transformer,monregcontrol-reg2,,
295,0.0,1.0,Transformer,monregcontrol-reg2,,
296,0.0,1.0,Transformer,monregcontrol-reg2,,
297,0.0,1.0,Transformer,monregcontrol-reg2,,
298,0.0,1.0,Transformer,monregcontrol-reg2,,
299,0.0,1.0,Transformer,monregcontrol-reg2,,
300,0.0,1.0,Transformer,monregcontrol-reg2,,
1,0.0,1.00625,Transformer,monregcontrol-reg3,,
2,0.0,1.00625,Transformer,monregcontrol-reg3,,
3,0.0,1.00625,Transformer,monregcontrol-reg3,,
4,0.0,1.00625,Transformer,monregcontrol-reg3,,
5,0.0,1.00625,Transformer,monregcontrol-reg3,,
6,0.0,1.00625,Transformer,monregcontrol-reg3,,
7,0.0,1.00625,Transformer,monregcontrol-reg3,,
8,0.0,1.00625,Transformer,monregcontrol-reg3,,
9,0.0,1.00625,Transformer,monregcontrol-reg3,,
10,0.0,1.00625,Transformer,monregcontrol-reg3,,
11,0.0,1.00625,Transformer,monregcontrol-reg3,,
12,0.0,1.0,Transformer,monregcontrol-reg3,,
13,0.0,1.0,Transformer,monregcontrol-reg3,,
14,0.0,1.0,Transformer,monregcontrol-reg3,,
15,0.0,1.0,Transformer,monregcontrol-reg3,,
16,0.0,1.0,Transformer,monregcontrol-reg3,,
17,0.0,1.0,Transformer,monregcontrol-reg3,,
18,0.0,1.0,Transformer,monregcontrol-reg3,,
19,0.0,1.0,Transformer,monregcontrol-reg3,,
20,0.0,1.0,Transformer,monregcontrol-reg3,,
21,0.0,1.0,Transformer,monregcontrol-reg3,,
22,0.0,1.0,Transformer,monregcontrol-reg3,,
23,0.0,1.0,Transformer,monregcontrol-reg3,,
24,0.0,1.0,Transformer,monregcontrol-reg3,,
25,0.0,1.0,Transformer,monregcontrol-reg3,,
26,0.0,1.0,Transformer,monregcontrol-reg3,,
27,0.0,1.0,Transformer,monregcontrol-reg3,,
28,0.0,1.0,Transformer,monregcontrol-reg3,,
29,0.0,1.0,Transformer,monregcontrol-reg3,,
30,0.0,1.0,Transformer,monregcontrol-reg3,,
31,0.0,1.00625,Transformer,monregcontrol-reg3,,
32,0.0,1.00625,Transformer,monregcontrol-reg3,,
33,0.0,1.00625,Transformer,monregcontrol-reg3,,
34,0.0,1.00625,Transformer,monregcontrol-reg3,,
35,0.0,1.00625,Transformer,monregcontrol-reg3,,
36,0.0,1.00625,Transformer,monregcontrol-reg3,,
37,0.0,1.00625,Transformer,monregcontrol-reg3,,
38,0.0,1.00625,Transformer,monregcontrol-reg3,,
39,0.0,1.0,Transformer,monregcontrol-reg3,,
40,0.0,1.0,Transformer,monregcontrol-reg3,,
41,0.0,1.0,Transformer,monregcontrol-reg3,,
42,0.0,1.00625,Transformer,monregcontrol-reg3,,
43,0.0,1.00625,Transformer,monregcontrol-reg3,,
44,0.0,1.00625,Transformer,monregcontrol-reg3,,
45,0.0,1.00625,Transformer,monregcontrol-reg3,,
46,0.0,1.00625,Transformer,monregcontrol-reg3,,
47,0.0,1.00625,Transformer,monregcontrol-reg3,,
48,0.0,1.00625,Transformer,monregcontrol-reg3,,
49,0.0,1.00625,Transformer,monregcontrol-reg3,,
50,0.0,1.00625,Transformer,monregcontrol-reg3,,
51,0.0,1.00625,Transformer,monregcontrol-reg3,,
52,0.0,1.00625,Transformer,monregcontrol-reg3,,
53,0.0,1.00625,Transformer,monregcontrol-reg3,,
54,0.0,1.00625,Transformer,monregcontrol-reg3,,
55,0.0,1.00625,Transformer,monregcontrol-reg3,,
56,0.0,1.00625,Transformer,monregcontrol-reg3,,
57,0.0,1.00625,Transformer,monregcontrol-reg3,,
58,0.0,1.00625,Transformer,monregcontrol-reg3,,
59,0.0,1.0,Transformer,monregcontrol-reg3,,
60,0.0,1.0,Transformer,monregcontrol-reg3,,
61,0.0,1.0,Transformer,monregcontrol-reg3,,
62,0.0,1.0,Transformer,monregcontrol-reg3,,
63,0.0,1.0,Transformer,monregcontrol-reg3,,
64,0.0,1.0,Transformer,monregcontrol-reg3,,
65,0.0,1.0,Transformer,monregcontrol-reg3,,
66,0.0,1.0,Transformer,monregcontrol-reg3,,
67,0.0,1.0,Transformer,monregcontrol-reg3,,
68,0.0,1.0,Transformer,monregcontrol-reg3,,
69,0.0,1.0,Transformer,monregcontrol-reg3,,
70,0.0,1.0,Transformer,monregcontrol-reg3,,
71,0.0,1.0,Transformer,monregcontrol-reg3,,
72,0.0,1.0,Transformer,monregcontrol-reg3,,
73,0.0,1.0,Transformer,monregcontrol-reg3,,
74,0.0,1.0,Transformer,monregcontrol-reg3,,
75,0.0,1.0,Transformer,monregcontrol-reg3,,
76,0.0,1.0,Transformer,monregcontrol-reg3,,
77,0.0,1.0,Transformer,monregcontrol-reg3,,
78,0.0,1.0,Transformer,monregcontrol-reg3,,
79,0.0,1.0,Transformer,monregcontrol-reg3,,
80,0.0,1.0,Transformer,monregcontrol-reg3,,
81,0.0,1.0,Transformer,monregcontrol-reg3,,
82,0.0,1.0,Transformer,monregcontrol-reg3,,
83,0.0,1.0,Transformer,monregcontrol-reg3,,
84,0.0,1.0,Transformer,monregcontrol-reg3,,
85,0.0,1.0,Transformer,monregcontrol-reg3,,
86,0.0,1.0,Transformer,monregcontrol-reg3,,
87,0.0,1.0,Transformer,monregcontrol-reg3,,
88,0.0,1.0,Transformer,monregcontrol-reg3,,
89,0.0,1.0,Transformer,monregcontrol-reg3,,
90,0.0,1.0,Transformer,monregcontrol-reg3,,
91,0.0,1.0,Transformer,monregcontrol-reg3,,
92,0.0,1.0,Transformer,monregcontrol-reg3,,
93,0.0,1.0,Transformer,monregcontrol-reg3,,
94,0.0,1.0,Transformer,monregcontrol-reg3,,
95,0.0,1.0,Transformer,monregcontrol-reg3,,
96,0.0,1.0,Transformer,monregcontrol-reg3,,
97,0.0,1.0,Transformer,monregcontrol-reg3,,
98,0.0,1.0,Transformer,monregcontrol-reg3,,
99,0.0,1.0,Transformer,monregcontrol-reg3,,
100,0.0,1.0,Transformer,monregcontrol-reg3,,
101,0.0,1.0,Transformer,monregcontrol-reg3,,
102,0.0,1.0,Transformer,monregcontrol-reg3,,
103,0.0,1.0,Transformer,monregcontrol-reg3,,
104,0.0,1.0,Transformer,monregcontrol-reg3,,
105,0.0,1.0,Transformer,monregcontrol-reg3,,
106,0.0,1.0,Transformer,monregcontrol-reg3,,
107,0.0,1.0,Transformer,monregcontrol-reg3,,
108,0.0,1.0,Transformer,monregcontrol-reg3,,
109,0.0,1.0,Transformer,monregcontrol-reg3,,
110,0.0,1.0,Transformer,monregcontrol-reg3,,
111,0.0,1.0,Transformer,monregcontrol-reg3,,
112,0.0,1.0,Transformer,monregcontrol-reg3,,
113,0.0,1.00625,Transformer,monregcontrol-reg3,,
114,0.0,1.00625,Transformer,monregcontrol-reg3,,
115,0.0,1.00625,Transformer,monregcontrol-reg3,,
116,0.0,1.00625,Transformer,monregcontrol-reg3,,
117,0.0,1.00625,Transformer,monregcontrol-reg3,,
118,0.0,1.00625,Transformer,monregcontrol-reg3,,
119,0.0,1.00625,Transformer,monregcontrol-reg3,,
120,0.0,1.00625,Transformer,monregcontrol-reg3,,
121,0.0,1.00625,Transformer,monregcontrol-reg3,,
122,0.0,1.00625,Transformer,monregcontrol-reg3,,
123,0.0,1.00625,Transformer,monregcontrol-reg3,,
124,0.0,1.00625,Transformer,monregcontrol-reg3,,
125,0.0,1.00625,Transformer,monregcontrol-reg3,,
126,0.0,1.00625,Transformer,monregcontrol-reg3,,
127,0.0,1.00625,Transformer,monregcontrol-reg3,,
128,0.0,1.00625,Transformer,monregcontrol-reg3,,
129,0.0,1.00625,Transformer,monregcontrol-reg3,,
130,0.0,1.00625,Transformer,monregcontrol-reg3,,
131,0.0,1.00625,Transformer,monregcontrol-reg3,,
132,0.0,1.00625,Transformer,monregcontrol-reg3,,
133,0.0,1.00625,Transformer,monregcontrol-reg3,,
134,0.0,1.00625,Transformer,monregcontrol-reg3,,
135,0.0,1.00625,Transformer,monregcontrol-reg3,,
136,0.0,1.00625,Transformer,monregcontrol-reg3,,
137,0.0,1.00625,Transformer,monregcontrol-reg3,,
138,0.0,1.00625,Transformer,monregcontrol-reg3,,
139,0.0,1.00625,Transformer,monregcontrol-reg3,,
140,0.0,1.00625,Transformer,monregcontrol-reg3,,
141,0.0,1.00625,Transformer,monregcontrol-reg3,,
142,0.0,1.00625,Transformer,monregcontrol-reg3,,
143,0.0,1.00625,Transformer,monregcontrol-reg3,,
144,0.0,1.00625,Transformer,monregcontrol-reg3,,
145,0.0,1.00625,Transformer,monregcontrol-reg3,,
146,0.0,1.00625,Transformer,monregcontrol-reg3,,
147,0.0,1.00625,Transformer,monregcontrol-reg3,,
148,0.0,1.00625,Transformer,monregcontrol-reg3,,
149,0.0,1.00625,Transformer,monregcontrol-reg3,,
150,0.0,1.00625,Transformer,monregcontrol-reg3,,
151,0.0,1.00625,Transformer,monregcontrol-reg3,,
152,0.0,1.00625,Transformer,monregcontrol-reg3,,
153,0.0,1.00625,Transformer,monregcontrol-reg3,,
154,0.0,1.00625,Transformer,monregcontrol-reg3,,
155,0.0,1.00625,Transformer,monregcontrol-reg3,,
156,0.0,1.00625,Transformer,monregcontrol-reg3,,
157,0.0,1.00625,Transformer,monregcontrol-reg3,,
158,0.0,1.00625,Transformer,monregcontrol-reg3,,
159,0.0,1.00625,Transformer,monregcontrol-reg3,,
160,0.0,1.00625,Transformer,monregcontrol-reg3,,
161,0.0,1.00625,Transformer,monregcontrol-reg3,,
162,0.0,1.00625,Transformer,monregcontrol-reg3,,
163,0.0,1.00625,Transformer,monregcontrol-reg3,,
164,0.0,1.00625,Transformer,monregcontrol-reg3,,
165,0.0,1.00625,Transformer,monregcontrol-reg3,,
166,0.0,1.00625,Transformer,monregcontrol-reg3,,
167,0.0,1.00625,Transformer,monregcontrol-reg3,,
168,0.0,1.00625,Transformer,monregcontrol-reg3,,
169,0.0,1.00625,Transformer,monregcontrol-reg3,,
170,0.0,1.00625,Transformer,monregcontrol-reg3,,
171,0.0,1.00625,Transformer,monregcontrol-reg3,,
172,0.0,1.00625,Transformer,monregcontrol-reg3,,
173,0.0,1.00625,Transformer,monregcontrol-reg3,,
174,0.0,1.00625,Transformer,monregcontrol-reg3,,
175,0.0,1.00625,Transformer,monregcontrol-reg3,,
176,0.0,1.00625,Transformer,monregcontrol-reg3,,
177,0.0,1.00625,Transformer,monregcontrol-reg3,,
178,0.0,1.00625,Transformer,monregcontrol-reg3,,
179,0.0,1.00625,Transformer,monregcontrol-reg3,,
180,0.0,1.00625,Transformer,monregcontrol-reg3,,
181,0.0,1.0,Transformer,monregcontrol-reg3,,
182,0.0,1.0,Transformer,monregcontrol-reg3,,
183,0.0,1.0,Transformer,monregcontrol-reg3,,
184,0.0,1.0,Transformer,monregcontrol-reg3,,
185,0.0,1.0,Transformer,monregcontrol-reg3,,
186,0.0,1.0,Transformer,monregcontrol-reg3,,
187,0.0,1.0,Transformer,monregcontrol-reg3,,
188,0.0,1.0,Transformer,monregcontrol-reg3,,
189,0.0,1.0,Transformer,monregcontrol-reg3,,
190,0.0,1.0,Transformer,monregcontrol-reg3,,
191,0.0,1.0,Transformer,monregcontrol-reg3,,
192,0.0,1.0,Transformer,monregcontrol-reg3,,
193,0.0,1.0,Transformer,monregcontrol-reg3,,
194,0.0,1.0,Transformer,monregcontrol-reg3,,
195,0.0,1.0,Transformer,monregcontrol-reg3,,
196,0.0,1.0,Transformer,monregcontrol-reg3,,
197,0.0,1.0,Transformer,monregcontrol-reg3,,
198,0.0,1.0,Transformer,monregcontrol-reg3,,
199,0.0,1.00625,Transformer,monregcontrol-reg3,,
200,0.0,1.00625,Transformer,monregcontrol-reg3,,
201,0.0,1.00625,Transformer,monregcontrol-reg3,,
202,0.0,1.0,Transformer,monregcontrol-reg3,,
203,0.0,1.0,Transformer,monregcontrol-reg3,,
204,0.0,1.0,Transformer,monregcontrol-reg3,,
205,0.0,1.0,Transformer,monregcontrol-reg3,,
206,0.0,1.0,Transformer,monregcontrol-reg3,,
207,0.0,1.0,Transformer,monregcontrol-reg3,,
208,0.0,1.0,Transformer,monregcontrol-reg3,,
209,0.0,1.00625,Transformer,monregcontrol-reg3,,
210,0.0,1.00625,Transformer,monregcontrol-reg3,,
211,0.0,1.00625,Transformer,monregcontrol-reg3,,
212,0.0,1.00625,Transformer,monregcontrol-reg3,,
213,0.0,1.00625,Transformer,monregcontrol-reg3,,
214,0.0,1.00625,Transformer,monregcontrol-reg3,,
215,0.0,1.00625,Transformer,monregcontrol-reg3,,
216,0.0,1.00625,Transformer,monregcontrol-reg3,,
217,0.0,1.00625,Transformer,monregcontrol-reg3,,
218,0.0,1.00625,Transformer,monregcontrol-reg3,,
219,0.0,1.00625,Transformer,monregcontrol-reg3,,
220,0.0,1.00625,Transformer,monregcontrol-reg3,,
221,0.0,1.00625,Transformer,monregcontrol-reg3,,
222,0.0,1.00625,Transformer,monregcontrol-reg3,,
223,0.0,1.00625,Transformer,monregcontrol-reg3,,
224,0.0,1.00625,Transformer,monregcontrol-reg3,,
225,0.0,1.00625,Transformer,monregcontrol-reg3,,
226,0.0,1.00625,Transformer,monregcontrol-reg3,,
227,0.0,1.00625,Transformer,monregcontrol-reg3,,
228,0.0,1.0,Transformer,monregcontrol-reg3,,
229,0.0,1.0,Transformer,monregcontrol-reg3,,
230,0.0,1.0,Transformer,monregcontrol-reg3,,
231,0.0,1.0,Transformer,monregcontrol-reg3,,
232,0.0,1.0,Transformer,monregcontrol-reg3,,
233,0.0,1.0,Transformer,monregcontrol-reg3,,
234,0.0,1.00625,Transformer,monregcontrol-reg3,,
235,0.0,1.00625,Transformer,monregcontrol-reg3,,
236,0.0,1.00625,Transformer,monregcontrol-reg3,,
237,0.0,1.00625,Transformer,monregcontrol-reg3,,
238,0.0,1.00625,Transformer,monregcontrol-reg3,,
239,0.0,1.00625,Transformer,monregcontrol-reg3,,
240,0.0,1.00625,Transformer,monregcontrol-reg3,,
241,0.0,1.00625,Transformer,monregcontrol-reg3,,
242,0.0,1.00625,Transformer,monregcontrol-reg3,,
243,0.0,1.00625,Transformer,monregcontrol-reg3,,
244,0.0,1.00625,Transformer,monregcontrol-reg3,,
245,0.0,1.00625,Transformer,monregcontrol-reg3,,
246,0.0,1.00625,Transformer,monregcontrol-reg3,,
247,0.0,1.00625,Transformer,monregcontrol-reg3,,
248,0.0,1.00625,Transformer,monregcontrol-reg3,,
249,0.0,1.00625,Transformer,monregcontrol-reg3,,
250,0.0,1.0,Transformer,monregcontrol-reg3,,
251,0.0,0.99375,Transformer,monregcontrol-reg3,,
252,0.0,0.99375,Transformer,monregcontrol-reg3,,
253,0.0,0.99375,Transformer,monregcontrol-reg3,,
254,0.0,0.99375,Transformer,monregcontrol-reg3,,
255,0.0,0.99375,Transformer,monregcontrol-reg3,,
256,0.0,0.99375,Transformer,monregcontrol-reg3,,
257,0.0,1.0,Transformer,monregcontrol-reg3,,
258,0.0,1.00625,Transformer,monregcontrol-reg3,,
259,0.0,1.00625,Transformer,monregcontrol-reg3,,
260,0.0,1.00625,Transformer,monregcontrol-reg3,,
261,0.0,1.00625,Transformer,monregcontrol-reg3,,
262,0.0,1.00625,Transformer,monregcontrol-reg3,,
263,0.0,1.00625,Transformer,monregcontrol-reg3,,
264,0.0,1.00625,Transformer,monregcontrol-reg3,,
265,0.0,1.00625,Transformer,monregcontrol-reg3,,
266,0.0,1.00625,Transformer,monregcontrol-reg3,,
267,0.0,1.00625,Transformer,monregcontrol-reg3,,
268,0.0,1.00625,Transformer,monregcontrol-reg3,,
269,0.0,1.00625,Transformer,monregcontrol-reg3,,
270,0.0,1.00625,Transformer,monregcontrol-reg3,,
271,0.0,1.00625,Transformer,monregcontrol-reg3,,
272,0.0,1.00625,Transformer,monregcontrol-reg3,,
273,0.0,1.00625,Transformer,monregcontrol-reg3,,
274,0.0,1.0,Transformer,monregcontrol-reg3,,
275,0.0,0.99375,Transformer,monregcontrol-reg3,,
276,0.0,0.99375,Transformer,monregcontrol-reg3,,
277,0.0,0.9875,Transformer,monregcontrol-reg3,,
278,0.0,0.9875,Transformer,monregcontrol-reg3,,
279,0.0,0.9875,Transformer,monregcontrol-reg3,,
280,0.0,0.9875,Transformer,monregcontrol-reg3,,
281,0.0,0.99375,Transformer,monregcontrol-reg3,,
282,0.0,1.00625,Transformer,monregcontrol-reg3,,
283,0.0,1.00625,Transformer,monregcontrol-reg3,,
284,0.0,1.00625,Transformer,monregcontrol-reg3,,
285,0.0,1.00625,Transformer,monregcontrol-reg3,,
286,0.0,1.00625,Transformer,monregcontrol-reg3,,
287,0.0,1.00625,Transformer,monregcontrol-reg3,,
288,0.0,1.00625,Transformer,monregcontrol-reg3,,
289,0.0,1.00625,Transformer,monregcontrol-reg3,,
290,0.0,1.00625,Transformer,monregcontrol-reg3,,
291,0.0,1.00625,Transformer,monregcontrol-reg3,,
292,0.0,1.00625,Transformer,monregcontrol-reg3,,
293,0.0,1.00625,Transformer,monregcontrol-reg3,,
294,0.0,1.00625,Transformer,monregcontrol-reg3,,
295,0.0,1.00625,Transformer,monregcontrol-reg3,,
296,0.0,1.00625,Transformer,monregcontrol-reg3,,
297,0.0,1.00625,Transformer,monregcontrol-reg3,,
298,0.0,1.0,Transformer,monregcontrol-reg3,,
299,0.0,0.99375,Transformer,monregcontrol-reg3,,
300,0.0,0.99375,Transformer,monregcontrol-reg3,,
